tag,omega,L,seed_nodes,nodes,tolerance,status,N,E,Q0,Q_L,boundary,collocation_max,point_residual,identity1,identity2,relative_identity1,relative_identity2,min_Q,positive_core,monotone_core
branch_0.01000,0.01,120.0,1201,1254,1e-08,0,225.84350107872808,1.7560793769312921,0.4177806829879172,1.587179560143369e-07,0.0,9.698342967849012e-09,4.565248829433833e-09,-2.5541277981488975e-09,-5.920606338527534e-09,1.413660223262354e-10,4.3692544473360843e-10,1.587179560143369e-07,True,True
branch_0.01500,0.015,120.0,1201,1264,1e-08,0,202.17741560904156,2.0433511508136313,0.5020945691738595,1.1478297245264225e-08,2.0679515313825692e-25,9.86146740616519e-09,8.602502551329913e-09,2.50202192297877e-09,-1.0656070470460577e-09,1.031281491585148e-10,5.856281353925435e-11,1.1478297245264225e-08,True,True
branch_0.01750,0.0175,120.0,1201,1266,1e-08,0,196.14881277384197,2.1407631107198073,0.5372002256588689,3.6656384588378178e-09,0.0,9.390032755567675e-09,9.321561220395815e-09,3.7812082354093945e-09,7.284901570869806e-10,1.3769458941972904e-10,3.537111132796742e-11,3.6656384588378178e-09,True,True
branch_0.02000,0.02,120.0,1201,1267,1e-08,0,192.37725513533798,2.2110815088724043,0.5688484331983017,1.2709320501015518e-09,2.5849394142282115e-26,9.212095787661462e-09,9.953570835041783e-09,4.7448729389998334e-09,2.2500570295846956e-09,1.5415260937355374e-10,9.74672147750739e-11,1.2709320501015518e-09,True,True
branch_0.02250,0.0225,120.0,1201,1267,1e-08,0,190.27735704673802,2.2554003005301446,0.5976184213446231,4.713444214558839e-10,0.0,9.77929586733783e-09,1.1071448050188976e-08,5.670820257819287e-09,3.698080064395981e-09,1.6557176049737924e-10,1.4396450575587885e-10,4.713444214558839e-10,True,True
branch_0.02500,0.025,120.0,1201,1268,1e-08,0,189.4837948507463,2.274003722099843,0.6239362451547159,1.8496961200492642e-10,6.462348535570529e-27,9.239449619754706e-09,1.1065596327434469e-08,6.262034890625046e-09,5.296621141681612e-09,1.6523932554194323e-10,1.8635265167972243e-10,1.8496961200492642e-10,True,True
branch_0.02750,0.0275,120.0,1201,1268,1e-08,0,189.75897204422552,2.266576563545562,0.6481268294152722,7.618443129382445e-11,0.0,9.743896747994144e-09,1.1950680185555428e-08,7.0149237529903985e-09,7.037583849012208e-09,1.6803430547583362e-10,2.2476946880104576e-10,7.618443129382445e-11,True,True
branch_0.03000,0.03,120.0,1201,1282,1e-08,0,190.94431846387366,2.232320976016081,0.6704451813501596,3.2725623907823865e-11,1.6155871338926322e-27,9.922294562439749e-09,1.1525959678592742e-08,4.69953764792308e-09,6.41731157102754e-09,1.0255035099118237e-10,1.8671270900137842e-10,3.2725623907823865e-11,True,True
branch_0.03250,0.0325,120.0,1201,1294,1e-08,0,192.93285124414268,2.1700205824884233,0.6910961549416943,1.458760804147816e-11,0.0,9.90026530054087e-09,1.2324978181731834e-08,2.773751894835641e-09,5.820021353741822e-09,5.529528256466442e-11,1.5469767422468744e-10,1.458760804147816e-11,True,True
branch_0.03500,0.035,120.0,1201,1302,1e-08,0,195.65289691654857,2.078072298272439,0.7102475274310802,6.72031930260471e-12,4.0389678347315804e-28,9.982065836196872e-09,1.164861738294257e-08,1.2695222650904725e-09,5.464986241321412e-09,2.3173733505391252e-11,1.3300975570163456e-10,6.72031930260471e-12,True,True
branch_0.03750,0.0375,120.0,1201,1328,1e-08,0,199.05803778843526,1.9544967110768088,0.7280389680007573,3.1890029565851355e-12,0.0,9.917860298604702e-09,1.246531950631205e-08,1.0241816283951266e-09,5.015455606383057e-09,1.7150469286483015e-11,1.1198198306762204e-10,3.1890029565851355e-12,True,True
branch_0.04000,0.04,120.0,1201,1352,1e-08,0,203.12071252335917,1.7969329207600317,0.744588378712092,1.554429138052922e-12,0.0,9.915138637569694e-09,1.1653669614878288e-08,3.6671607972493803e-09,8.004750640111524e-09,5.6419049328335454e-11,1.6420347916587867e-10,1.554429138052922e-12,True,True
branch_0.04500,0.045,120.0,1201,1363,1e-08,0,213.1791946510432,1.3683741686468611,0.7743502977483476,3.9667635423999044e-13,0.0,9.88224396887277e-09,1.1696087017164162e-08,4.34719815700646e-09,1.1007950995178817e-08,5.664507020177189e-11,1.912484422671666e-10,3.9667635423999044e-13,True,True
branch_0.05000,0.05,120.0,1201,1371,1e-08,0,225.85923742183863,0.7649526630920844,0.8001890128003545,1.1002724583381588e-13,3.1554436208840472e-30,9.916832644248169e-09,9.976404752566019e-09,3.7775240713244784e-09,1.2399117288452999e-08,4.181281356700683e-11,1.8299181146715738e-10,1.1002724583381588e-13,True,True
branch_0.05500,0.055,120.0,1201,1379,1e-08,0,241.34129440772102,-0.049078174170515076,0.8226097536962251,3.280457746906044e-14,3.1554436208840472e-30,9.792300065086512e-09,9.807074241220768e-09,3.110734780875646e-09,1.3649675167926034e-08,2.929399959630673e-11,1.7138655096768766e-10,3.280457746906044e-14,True,True
branch_0.06000,0.06,120.0,1201,1389,1e-08,0,259.9396363081028,-1.1198644805490297,0.8420133194138524,1.042466866527885e-14,0.0,9.998095219116847e-09,1.0255836587564668e-08,9.522800326067227e-10,1.072304378624267e-08,7.632220941996441e-12,1.1458903758876658e-10,1.042466866527885e-14,True,True
branch_0.06500,0.065,120.0,1201,1404,1e-08,0,282.1069346452679,-2.506921819179718,0.8587254702426615,3.5078616222682617e-15,1.9721522630525295e-31,9.919379859575427e-09,1.0244930182092831e-08,-1.4612417942316824e-09,4.324848035253126e-09,9.961046784825387e-12,3.9309044115175894e-11,3.5078616222682617e-15,True,True
branch_0.07000,0.07,120.0,1201,1409,1e-08,0,308.45448436449203,-4.287274451033937,0.8730165620125796,1.2435534123769381e-15,0.0,9.965039917126733e-09,1.0547529498471678e-08,-1.4866188280393544e-09,5.2002810946305544e-09,8.606379916520675e-12,4.0140838549659535e-11,1.2435534123769381e-15,True,True
branch_0.07500,0.075,120.0,1201,1411,1e-08,0,339.78795808856665,-6.561226863568415,0.8851151892316373,4.62607476779809e-16,0.0,9.939208156594264e-09,1.0890555207230072e-08,-1.7316068579020794e-09,6.61107435462327e-09,8.493565949019899e-12,4.3236600937614975e-11,4.62607476779809e-16,True,True
branch_0.08000,0.08,120.0,1201,1413,1e-08,0,377.1617692775775,-9.46047327070588,0.8952180049668997,1.800430019721165e-16,0.0,9.96692929278005e-09,1.0840798807469636e-08,-2.3183162056739093e-09,8.133490325690218e-09,9.604284865494824e-12,4.4927065510293645e-11,1.800430019721165e-16,True,True
branch_0.08500,0.085,120.0,1201,1416,1e-08,0,421.95834287304854,-13.159624445589493,0.9034970272121661,7.314600805300421e-17,6.162975822039155e-33,9.897177433547313e-09,1.0887513836985618e-08,-2.6323192514610128e-09,1.0032970010342979e-08,9.17402816979462e-12,4.662187761881803e-11,7.314600805300421e-17,True,True
branch_0.09000,0.09,120.0,1201,1418,1e-08,0,476.00284030377804,-17.89282409042512,0.9101052531093697,3.097438271299421e-17,0.0,9.916218255505723e-09,1.1096072577327556e-08,-3.1188562843453838e-09,1.235447655290045e-08,9.100249986009411e-12,4.806412557303056e-11,3.097438271299421e-17,True,True
branch_0.09500,0.095,120.0,1201,1421,1e-08,0,541.7303118921463,-23.978091708264465,0.9151811144430408,1.3660154365734554e-17,0.0,9.982519514169518e-09,1.0982406336977717e-08,-3.746876586774306e-09,1.4769277356663224e-08,9.100655188539957e-12,4.783009616549795e-11,1.3660154365734554e-17,True,True
branch_0.10000,0.1,120.0,1201,1425,1e-08,0,622.4326301425292,-31.853637249588843,0.9188521281628643,6.273246938553407e-18,3.851859888774472e-34,9.752921238727395e-09,1.1136374881573142e-08,-3.789068614423741e-09,1.8086410591422464e-08,7.609395041679582e-12,4.842936600814928e-11,6.273246938553407e-18,True,True
branch_0.10500,0.105,120.0,1201,1428,1e-08,0,722.630013962568,-42.13314335891196,0.9212379764528054,3.0017747813340618e-18,0.0,9.98633529706667e-09,1.1067879010740866e-08,-4.714308943221113e-09,2.1431404206850857e-08,7.76645371049805e-12,4.707540687129872e-11,3.0017747813340618e-18,True,True
branch_0.11000,0.11,120.0,1201,1432,1e-08,0,848.6422936008238,-55.69184805161342,0.9224531624079364,1.4988068237226254e-18,9.62964972193618e-35,9.972395573040373e-09,1.1423141345682692e-08,-4.698478051068378e-09,2.6515365902923804e-08,6.291437093615655e-12,4.734008325541841e-11,1.4988068237226254e-18,True,True
branch_0.11500,0.115,120.0,1201,1437,1e-08,0,1009.4895497217118,-73.80403388930154,0.9226093100298995,7.828373267847479e-19,0.0,9.852653898466734e-09,1.1143241211939843e-08,-6.138463959359797e-09,3.1030083391669905e-08,6.609522047979608e-12,4.4548391188248975e-11,7.828373267847479e-19,True,True
branch_0.12000,0.12,120.0,1201,1441,1e-08,0,1218.3531013605943,-98.36900124316475,0.9218170946367663,4.2933307431787774e-19,0.0,9.763300961262508e-09,1.0929010977746142e-08,-6.978837063797982e-09,3.697923034451378e-08,5.966761142885005e-12,4.2155301365304576e-11,4.2933307431787774e-19,True,True
branch_0.12500,0.125,120.0,1201,1438,1e-08,0,1495.0238565112952,-132.29475722036187,0.9201876876422207,2.4859804234510933e-19,0.0,9.920068207624014e-09,1.0942639274718492e-08,-8.059998890530551e-09,4.459079150365142e-08,5.3912175766073544e-12,3.976818726048879e-11,2.4859804234510933e-19,True,True
branch_0.13000,0.13,120.0,1201,1584,1e-08,0,1870.1614738768496,-180.17426169664415,0.9178334674581244,1.531770528119291e-19,1.2037062152420224e-35,9.957457560627955e-09,9.248482444524e-09,-4.734943104267586e-09,2.1720609311159933e-08,2.4344581855671243e-12,1.489012334262519e-11,1.531770528119291e-19,True,True
branch_0.13500,0.135,120.0,1201,1437,1e-08,0,2393.031347446636,-249.52993649966902,0.9148675875427658,1.0157162755687461e-19,6.018531076210112e-36,9.973779885908378e-09,1.1428496110264963e-08,-9.081645657715853e-09,6.964734211578616e-08,3.513924368556493e-12,3.5931151963744026e-11,1.0157162755687461e-19,True,True
branch_0.14000,0.14,120.0,1201,1613,1e-08,0,3146.2908360517176,-353.2230071971474,0.9114018486815063,7.367777494190849e-20,6.018531076210112e-36,9.951902934806747e-09,9.081459024146464e-09,-3.448803909122944e-09,3.063780695811147e-08,9.787045652357772e-13,1.1592564583147398e-11,7.367777494190849e-20,True,True
branch_0.14500,0.145,120.0,1201,1480,1e-08,0,4276.005161058164,-514.407770827557,0.9075423098779303,5.990361083617074e-20,3.009265538105056e-36,9.959744893089931e-09,1.0958466408841142e-08,2.467004378559068e-09,9.696771030576201e-08,4.973632708038986e-13,2.6065716503767636e-11,5.990361083617074e-20,True,True
