tag,omega,L,seed_nodes,nodes,tolerance,status,N,E,Q0,Q_L,boundary,collocation_max,point_residual,identity1,identity2,relative_identity1,relative_identity2,min_Q,positive_core,monotone_core,rel_N_to_ref,rel_E_to_ref
coarse_0.025,0.025,120.0,601,601,1e-06,0,189.48375603965437,2.27400425168252,0.6239361830260067,1.849695860573928e-10,6.462348535570529e-27,4.97389228928961e-07,5.152739974928874e-07,6.966387315898714e-07,3.5671416531712907e-07,1.8382544619619838e-08,1.2550386690235147e-08,1.849695860573928e-10,True,True,2.0617285469955334e-07,2.3441786791458416e-07
medium_0.025,0.025,120.0,1201,1268,1e-08,0,189.4837948507463,2.2740037220998435,0.6239362451547159,1.8496961200492642e-10,6.462348535570529e-27,9.239449619754706e-09,1.1065596327434469e-08,6.262035778803465e-09,5.296621585770822e-09,1.6523934897873424e-10,1.8635266730424978e-10,1.8496961200492642e-10,True,True,1.347466235410674e-09,1.532287278449068e-09
fine_0.025,0.025,120.0,2401,3225,1e-10,0,189.48379510606927,2.274003718615414,0.6239362456863164,1.8496961143096177e-10,0.0,9.987683951232865e-11,1.2589156803667902e-10,-8.736122936170432e-12,-1.021405182655144e-11,2.305242760013159e-13,3.5936412823850823e-13,1.8496961143096177e-10,True,True,2.9999092444284317e-16,1.1717374238608299e-15
domain80_0.025,0.025,80.0,1601,2425,1e-10,0,189.48379509997096,2.274003718438852,0.6239362456863164,1.5484996779824578e-07,0.0,9.987683951232865e-11,1.2589156803667902e-10,-3.377556012651439e-10,-3.271796167325647e-10,8.912519434146557e-12,1.1511261127555472e-11,1.5484996779824578e-07,True,True,3.2184076342463766e-11,7.76447898129966e-11
domain160_0.025,0.025,160.0,3201,4025,1e-10,0,189.48379510606932,2.2740037186154165,0.6239362456863164,2.4856625638433216e-13,0.0,9.987683951232865e-11,1.2589156803667902e-10,-8.731682044071931e-12,-1.021005502366279e-11,2.3040709204645557e-13,3.5922350749267576e-13,2.4856625638433216e-13,True,True,0.0,0.0
coarse_0.100,0.1,120.0,601,624,1e-06,0,622.4324991789563,-31.85362411594155,0.9188521000117557,6.273252476920043e-18,3.851859888774472e-34,9.762622779589414e-07,1.0118819634205911e-06,4.008788323517365e-08,7.383627647072899e-06,8.050649674333444e-11,1.9770894526285868e-08,6.273252476920043e-18,True,True,2.1107057635676138e-07,4.1342975021785614e-07
medium_0.100,0.1,120.0,1201,1425,1e-08,0,622.4326301425292,-31.85363724958887,0.9188521281628643,6.273246938553407e-18,3.851859888774472e-34,9.752921239866199e-09,1.1136374881573142e-08,-3.7891254578426015e-09,1.8086353748003603e-08,7.609509197445457e-12,4.8429213800461444e-11,6.273246938553407e-18,True,True,6.645556899137861e-10,1.1174229281860484e-09
fine_0.100,0.1,120.0,2401,4017,1e-10,0,622.4326305561702,-31.85363728518285,0.9188521282590969,6.273246510365451e-18,0.0,9.996138043636727e-11,1.209809300413384e-10,-1.4381384971784428e-11,2.8123281481384765e-11,2.888140873764646e-14,7.530475348062766e-14,6.273246510365451e-18,True,True,1.8264922521820868e-16,2.230648667838692e-16
domain80_0.100,0.1,80.0,1601,3217,1e-10,0,622.4326305561704,-31.853637285182856,0.9188521282590969,2.9310455281061415e-12,0.0,9.996138043636727e-11,1.209809300413384e-10,-1.4409806681214832e-11,2.8123281481384765e-11,2.8938486620527185e-14,7.530475348062767e-14,2.9310455281061415e-12,True,True,0.0,0.0
domain160_0.100,0.1,160.0,3201,4817,1e-10,0,622.4326305561704,-31.853637285182856,0.9188521282590969,1.5104789084643363e-23,1.4693679385278594e-39,9.996138043636727e-11,1.209809300413384e-10,-1.4409806681214832e-11,2.8123281481384765e-11,2.8938486620527185e-14,7.530475348062767e-14,1.5104789084643363e-23,True,True,0.0,0.0
coarse_0.145,0.145,120.0,601,624,1e-06,0,4276.003929168039,-514.4075914006067,0.9075423084606731,5.990371910547928e-20,3.009265538105056e-36,9.745723250993555e-07,9.974088028724201e-07,-7.22464778846188e-06,3.7937919614705606e-05,1.4565339917458436e-09,1.0198027727466225e-08,5.990371910547928e-20,True,True,2.8881416337241086e-07,3.4967585914126006e-07
medium_0.145,0.145,120.0,1201,1436,1e-08,0,4276.005160278993,-514.407770730532,0.9075423098528879,5.990361088630167e-20,3.009265538105056e-36,9.907667321405796e-09,1.095846634731706e-08,-1.592843545950018e-08,1.0483870482858038e-07,3.211270652565315e-12,2.818150444755802e-11,5.990361088630167e-20,True,True,9.026883536458796e-10,1.0615200027783296e-09
fine_0.145,0.145,120.0,2401,4094,1e-10,0,4276.005164138893,-514.4077712765862,0.9075423098903415,5.990360243207446e-20,6.018531076210112e-36,9.998427143265326e-11,1.2116466095454934e-10,-3.410605131648481e-11,2.4078872229438275e-10,6.875989912938609e-15,6.472598504712415e-14,5.990360243207446e-20,True,True,0.0,2.2100528815784363e-16
domain80_0.145,0.145,80.0,1601,3294,1e-10,0,4276.005164138893,-514.4077712765861,0.9075423098903415,3.702718267395891e-13,0.0,9.998427143265326e-11,1.2116466095454934e-10,-3.387867764104158e-11,2.4090240913210437e-10,6.830149980185685e-15,6.475654500229276e-14,3.702718267395891e-13,True,True,0.0,0.0
domain160_0.145,0.145,160.0,3201,4894,1e-10,0,4276.005164138893,-514.4077712765861,0.9075423098903415,1.0902792193018989e-26,0.0,9.998427143265326e-11,1.2116466095454934e-10,-3.387867764104158e-11,2.4090240913210437e-10,6.830149980185685e-15,6.475654500229276e-14,1.0902792193018989e-26,True,True,0.0,0.0
