tag,kind,omega,Q0,N,E_CQ,E_sat_evaluated_on_CQ,eta_peak,response_error_peak,frequency_shift_optimal,residual_fixed_frequency,residual_best_frequency,scale_curvature,Q6_over_Q4
branch_0.01000,branch,0.01,0.4177806829879172,225.84350107872808,1.7560793769312912,1.7377338502842852,0.17454069907785058,0.03046445563458479,0.0003179172759290725,0.0007642346376634979,0.0006949699181047305,-7.522342405517604,0.0834132325852723
branch_0.01500,branch,0.015,0.5020945691738595,202.17741560904156,2.0433511508136313,1.99270002896177,0.25209895639388363,0.06355388381488525,0.0009721323526015851,0.0022644522291874487,0.002045165662555802,-6.3242463332264585,0.12233192400858874
branch_0.01750,branch,0.0175,0.5372002256588689,196.14881277384197,2.1407631107198073,2.0660459127451745,0.2885840824479397,0.08328077264231926,0.0014724339310475361,0.0033778143634205773,0.0030399947684873175,-5.093531921091703,0.14112912176459105
branch_0.02000,branch,0.02,0.5688484331983017,192.37725513533798,2.2110815088724043,2.1062403309340825,0.3235885399521627,0.10470954318837239,0.0020990526637874114,0.004743517361542915,0.00425381415601411,-3.4477074310870037,0.15949750637302576
branch_0.02250,branch,0.0225,0.5976184213446231,190.27735704673802,2.2554003005301446,2.1137584047752336,0.3571477775304394,0.12755453499493224,0.0028575637654489425,0.006362883970929449,0.005685122844222823,-1.377360352530303,0.17744625256676758
branch_0.02500,branch,0.025,0.6239362451547159,189.4837948507463,2.2740037220998435,2.0882256794462677,0.38929643801776576,0.15155171665332012,0.0037519114021522188,0.008233518093957894,0.0073289822645393405,1.1345245985774248,0.19498431152113646
branch_0.02750,branch,0.0275,0.6481268294152722,189.75897204422552,2.266576563545562,2.0286179025351405,0.4200683870078934,0.1764574497634133,0.004784683776666885,0.01035013899497795,0.00917780901809707,4.111311645387353,0.21212041717662847
branch_0.03000,branch,0.03,0.6704451813501596,190.94431846387366,2.232320976016079,1.933367607034464,0.4494967411956484,0.20204732034550774,0.005957338731600447,0.012705244260035107,0.01122200280449654,7.58212559448296,0.2288630924627673
branch_0.03250,branch,0.0325,0.6910961549416943,192.93285124414268,2.1700205824884233,1.800417772729407,0.47761389537519433,0.22811503305546707,0.007270389949695849,0.015289639516839856,0.013450446332158368,11.581658956235152,0.24522065498903953
branch_0.03500,branch,0.035,0.7102475274310802,195.65289691654857,2.0780722982724424,1.6272425878802146,0.5044515502219631,0.2544713665213417,0.008723561570145774,0.018092863745010103,0.015850905085432087,16.1502407014962,0.2612012229648445
branch_0.03750,branch,0.0375,0.7280389680007573,199.05803778843526,1.9544967110768106,1.410845835709889,0.5300407389276077,0.2809431849229244,0.010315917238059911,0.021103531967157717,0.01841034798764939,21.334097900705807,0.2768127206793619
branch_0.04000,branch,0.04,0.744588378712092,203.12071252335917,1.7969329207600317,1.1477424958322633,0.5544118537131018,0.30737250353759776,0.012045968320717143,0.024309612121091288,0.021115205153968725,27.185775889410685,0.2920628836463021
branch_0.04500,branch,0.045,0.7743502977483476,213.1791946510432,1.3683741686468611,0.4648257314251456,0.5996183836229546,0.35954220597860476,0.015910973922231876,0.03125794771399117,0.02690539358821318,41.137892425167394,0.32150923539411375
branch_0.05000,branch,0.05,0.8001890128003545,225.85923742183863,0.7649526630920862,-0.46070328414797856,0.6403024562064059,0.4099872354239564,0.02029875583371487,0.038836194270398375,0.03310906970924055,58.578339125590574,0.34959858142391986
branch_0.05500,branch,0.055,0.8226097536962251,241.34129440772102,-0.04907817417051685,-1.6792405361668692,0.6766868068761642,0.45790503460025916,0.025185220676952228,0.04694289804492038,0.03961490043290539,80.23156506422535,0.37638651719206784
branch_0.06000,branch,0.06,0.8420133194138524,259.9396363081028,-1.1198644805490279,-3.2553462469097916,0.7089864300703342,0.5026617580238769,0.030543435330665683,0.055479667450025714,0.04631513854634234,107.01664266448857,0.4019260704113726
branch_0.06500,branch,0.065,0.8587254702426615,282.1069346452679,-2.506921819179718,-5.271876493108454,0.7374094332434802,0.5437726722364706,0.03634467782554247,0.06435298782134452,0.05310716933985127,140.1047662332779,0.4262678303347807
branch_0.07000,branch,0.07,0.8730165620125796,308.45448436449203,-4.2872744510339444,-7.835699589074203,0.7621579175482642,0.5808846912815068,0.042559213909727354,0.07347533491423056,0.059894391658521895,180.99817672066987,0.44946006731205435
branch_0.07500,branch,0.075,0.8851151892316373,339.78795808856665,-6.5612268635684,-11.085636865685682,0.7834288982085572,0.6137608385482739,0.0491568727528769,0.08276580355693502,0.06658663604344815,231.6393033473128,0.47154884318435375
branch_0.08000,branch,0.08,0.8952180049668997,377.1617692775775,-9.46047327070588,-15.203596320112844,0.8014152764169161,0.642266445274402,0.056107473089113034,0.09215039766091425,0.07310025480543202,294.5633283066204,0.49257811111292155
branch_0.08500,branch,0.085,0.9034970272121661,421.95834287304854,-13.159624445589493,-20.43037620735145,0.8163068781812216,0.6663569193659717,0.06338113700182776,0.10156208286793508,0.07935797470216119,373.1142479764566,0.5125898062190315
branch_0.09000,branch,0.09,0.9101052531093697,476.00284030377804,-17.892824090425105,-27.088423727067045,0.82829157173727,0.6860669278109971,0.07094851778417453,0.11094067129218114,0.0852885711627792,471.7554225612653,0.5316239260584451
branch_0.09500,branch,0.095,0.9151811144430408,541.7303118921463,-23.978091708264465,-35.61514942029121,0.8375564722332062,0.7015008441797335,0.07878096116394025,0.1202325867246818,0.09082640072464541,596.5233779331661,0.5497186005262233
branch_0.10000,branch,0.1,0.9188521281628643,622.4326301425292,-31.853637249588843,-46.61259050024842,0.8442892334294249,0.7128243096848459,0.08685061382726401,0.12939054363029479,0.09591081095877917,755.7032246754582,0.5669101503528394
branch_0.10500,branch,0.105,0.9212379764528054,722.630013962568,-42.13314335891196,-60.922965090889036,0.8486794092588595,0.7202567396999668,0.09513048927209365,0.13837316269335562,0.10048543259902873,960.8546286185954,0.58323313318576
branch_0.11000,branch,0.11,0.9224531624079364,848.6422936008238,-55.691848051613476,-79.74624945838949,0.8509198368364027,0.7240645687216902,0.1035944979745016,0.14714453795370924,0.10449734465057746,1228.4060898199602,0.5987203758039629
branch_0.11500,branch,0.115,0.9226093100298995,1009.4895497217118,-73.80403388930154,-104.82785896425837,0.8512079389538473,0.7245549553380566,0.11221744654911624,0.1556737651382586,0.1078960881696734,1582.196195292151,0.6134029908043339
branch_0.12000,branch,0.12,0.9218170946367663,1218.3531013605943,-98.36900124316475,-138.7669385319125,0.849746755964569,0.7220695492723087,0.12097500869169048,0.16393443696489976,0.11063248571303146,2057.642247085423,0.62731037576743
branch_0.12500,branch,0.125,0.9201876876422207,1495.0238565112952,-132.2947572203619,-185.53952825600945,0.8467453804883371,0.7169777393783389,0.12984366929823032,0.17190410898136058,0.11265719785192285,2708.8049780559186,0.6404701929108002
branch_0.13000,branch,0.13,0.9178334674581244,1870.1614738768496,-180.17426169664415,-251.42012885492937,0.842418273986204,0.709668548345895,0.13880064209889206,0.1795637387779044,0.11391890991768999,3620.817089493266,0.6529083273984895
branch_0.13500,branch,0.135,0.9148675875427658,2393.031347446636,-249.52993649966902,-346.67676182935395,0.8369827027363201,0.7005400446797952,0.1478237602745708,0.1868971021704844,0.11436198099897846,4932.714627983437,0.6646488226811272
branch_0.14000,branch,0.14,0.9114018486815063,3146.2908360517176,-353.2230071971474,-488.85082468867324,0.8306533297800673,0.6899849542747133,0.15689134062945884,0.1938901938826972,0.11392328348217948,6881.560388025307,0.6757137942000467
branch_0.14500,branch,0.145,0.9075423098779303,4276.005161058164,-514.407770827557,-709.4978396742217,0.8236330442185692,0.6783713915287476,0.16598201990316003,0.20053062212075606,0.11252777202541808,9893.017738357677,0.6861233205782694
fine_0.100,fine,0.1,0.9188521282590969,622.4326305561702,-31.85363728518285,-46.61259055719385,0.8442892336062718,0.7128243099834659,0.0868506138941213,0.12939054370899084,0.09591081100440418,755.7032257550882,0.5669101505211613
