t,N,E,rms_radius,core_fraction,peak,outer_fraction,relative_N_drift,relative_E_drift
0.0,622.4326305561688,-31.776689822744167,5.615303527599591,0.9987808176069275,0.905490665892467,3.7686921692227757e-140,0.0,0.0
1.0,622.4326305561799,-31.77669860872461,5.617968018533821,0.998780815134003,0.8699757324037579,4.822909757002824e-30,1.7899624071384496e-14,-2.76491368154588e-07
2.0,622.4326305561905,-31.776707945384334,5.624960767700792,0.9987808208306539,0.8331319993307496,1.6487396798339824e-29,3.488600201667794e-14,-5.703123978078751e-07
3.0,622.4326305562015,-31.77670428812708,5.634045032712748,0.9987791294318116,0.8290250092428847,3.4937912518457745e-29,5.260297686284423e-14,-4.5521994240890566e-07
4.0,622.4326305562125,-31.77669460094894,5.6431357070707024,0.9987872791470433,0.8323796692033912,5.857691013662582e-29,7.031995170901052e-14,-1.5036823529911202e-07
5.0,622.4326305562236,-31.776690506679483,5.651087660897847,0.9988009170912975,0.8360374500354109,8.81304966744108e-29,8.80369265551768e-14,-2.1523176872989402e-08
6.0,622.4326305562344,-31.77669056588006,5.657574541358412,0.9987205303241379,0.838882267159716,1.9036696248265203e-28,1.0538860295090667e-13,-2.3386195872619736e-08
7.0,622.4326305562456,-31.77669187259755,5.6626919698205285,0.9986259436138776,0.8408863875249962,1.1326496717059285e-24,1.2347087624750938e-13,-6.450808418312693e-08
8.0,622.4326305562568,-31.77669317576543,5.666683166487597,0.9986720504382812,0.8421997394449605,4.119234406242373e-24,1.4137050031889387e-13,-1.0551826769911823e-07
9.0,622.4326305562679,-31.776694151708426,5.669805405095192,0.9988178407624564,0.8430033486002562,4.262848737349103e-24,1.5927012439027836e-13,-1.362308120577405e-07
10.0,622.4326305562789,-31.77669479438764,5.672278027909098,0.998945923225539,0.8434646878533553,4.227672517383518e-24,1.7698709923644465e-13,-1.5645567557625448e-07
11.0,622.4326305562901,-31.776695180182244,5.674270065711863,0.9989925490872525,0.8437157650302263,2.0531035342412556e-24,1.9488672330782916e-13,-1.685964808497667e-07
12.0,622.4326305563012,-31.776695392559528,5.675904912847719,0.9989558181503142,0.8438486545229887,2.322083629210484e-25,2.1278634737921364e-13,-1.7527991090317695e-07
13.0,622.4326305563121,-31.77669549933284,5.677270607805225,0.9988629337358051,0.8439214025716076,1.5382615683830117e-25,2.3032067300016173e-13,-1.7864002521303665e-07
14.0,622.4326305563231,-31.77669554816458,5.67843029010515,0.998745010871847,0.8439672761036459,1.3470454823652555e-25,2.48037647846328e-13,-1.8017674098492522e-07
15.0,622.4326305563342,-31.776695569060596,5.6794306935740995,0.998626043186398,0.8440033968761378,1.1827194613396974e-25,2.657546226924943e-13,-1.8083433047827538e-07
16.0,622.4326305563452,-31.776695579012838,5.680308230100384,0.998520662045268,0.8440373340184016,1.0875256725371271e-25,2.834715975386606e-13,-1.811475236319026e-07
17.0,622.4326305563565,-31.77669558650355,5.681092966792159,0.9984356662957593,0.8440715560881811,1.0455755136551514e-25,3.015538708352633e-13,-1.813832534103164e-07
18.0,622.432630556367,-31.776695595005386,5.6818110294237245,0.9983725327198737,0.8441061561263524,1.0306539976034475e-25,3.185402487805567e-13,-1.8165080285386552e-07
19.0,622.4326305563782,-31.77669560536023,5.682485947279032,0.9983296888609213,0.844140363559283,9.158297928602906e-26,3.3643987285194125e-13,-1.8197666580332323e-07
20.0,622.432630556389,-31.776695617232935,5.683139344882759,0.9983041668337512,0.8441732873606809,8.578124674864823e-26,3.537915492476711e-13,-1.823502951453122e-07
21.0,622.4326305564002,-31.776695629910467,5.683791263371012,0.9982926393247569,0.844204216160274,8.789769605700295e-26,3.718738225442738e-13,-1.8274925211609357e-07
22.0,622.4326305564114,-31.77669564268609,5.6844602911856885,0.9982919776155781,0.8442326902214785,9.367327307513135e-26,3.897734466156583e-13,-1.8315129595417354e-07
23.0,622.4326305564226,-31.776695655005852,5.685163608914705,0.9982994916950307,0.8442584731336077,1.6339103666050275e-25,4.07855719912261e-13,-1.835389940767995e-07
24.0,622.4326305564337,-31.77669566649423,5.685917004001969,0.9983129846956535,0.8442814921578193,3.1303603436854546e-25,4.255726947584273e-13,-1.8390052884687146e-07
25.0,622.4326305564449,-31.776695676928043,5.686734881585909,0.9983307142727164,0.844301779755707,9.842476543755375e-25,4.4365496805502997e-13,-1.8422887683071692e-07
26.0,622.4326305564558,-31.776695686196103,5.6876302815987305,0.9983513181761167,0.8443194282185339,3.7730401933342504e-24,4.611892936759781e-13,-1.845205390569858e-07
27.0,622.4326305564667,-31.776695694261395,5.688614904386195,0.9983737351995836,0.8443345589405521,4.3533660684813616e-24,4.787236192969261e-13,-1.8477435065532725e-07
28.0,622.4326305564781,-31.7766957011321,5.689699143895523,0.9983971357933241,0.8443473040790396,4.347799017619847e-24,4.969885418187471e-13,-1.8499056899511917e-07
29.0,622.432630556489,-31.776695706841682,5.69089212662703,0.9984208668644001,0.8443577968789392,2.9587539817892673e-24,5.145228674396952e-13,-1.851702473678074e-07
30.0,622.4326305564998,-31.776695711436886,5.692201754711002,0.9984444103647048,0.8443661674350843,1.001448397091641e-24,5.31874543835425e-13,-1.8531485664721226e-07
31.0,622.4326305565106,-31.776695714970455,5.693634751947942,0.9984673532734765,0.8443725416414821,7.5193027985417635e-25,5.492262202311548e-13,-1.8542605665339592e-07
32.0,622.4326305565214,-31.776695717497894,5.69519671211389,0.9984893661683877,0.8443770415547492,6.793707727439845e-25,5.665778966268848e-13,-1.8550559418877318e-07
33.0,622.4326305565329,-31.77669571907577,5.696892149169462,0.9985101878914862,0.8443797863555903,6.7568894134785e-25,5.850254683739238e-13,-1.8555524937290686e-07
34.0,622.4326305565438,-31.776695719761292,5.698724549209965,0.9985296143684339,0.8443808932583764,7.444598151809408e-25,6.025597939948719e-13,-1.8557682244981148e-07
35.0,622.4326305565551,-31.776695719612395,5.700696424082085,0.9985474901897421,0.8443804783428955,1.0846057317986384e-24,6.206420672914746e-13,-1.8557213669481864e-07
36.0,622.4326305565664,-31.776695718687392,5.702809366607568,0.9985637020141364,0.844378657011058,1.1813762607490895e-24,6.389069898132955e-13,-1.8554302723432605e-07
37.0,622.4326305565774,-31.776695717045413,5.70506410732745,0.998578173186058,0.8443755442255434,4.273168944549723e-24,6.564413154342436e-13,-1.854913547975061e-07
38.0,622.4326305565887,-31.776695714746296,5.707460572635056,0.9985908591856336,0.8443712547138292,2.115690238900556e-23,6.747062379560645e-13,-1.8541900247403318e-07
39.0,622.4326305565997,-31.776695711850262,5.709997944116748,0.9986017436750709,0.8443659026941573,4.0701084023961195e-23,6.924232128022308e-13,-1.8532786542825278e-07
40.0,622.4326305566108,-31.776695708417968,5.712674718874166,0.9986108349949183,0.844359601789487,5.51961401316625e-23,7.101401876483971e-13,-1.852198524644166e-07
41.0,622.4326305566216,-31.77669570451021,5.715488770564666,0.9986181630167815,0.8443524646359154,2.9877497325024316e-22,7.27491864044127e-13,-1.8509687685887672e-07
42.0,622.432630556633,-31.776695700187627,5.718437410868236,0.9986237762900295,0.8443446025596827,1.2740889578268994e-21,7.457567865659479e-13,-1.8496084685687225e-07
43.0,622.4326305566437,-31.776695695510274,5.7215174510699915,0.9986277394381432,0.8443361252754666,2.746228782687882e-21,7.631084629616777e-13,-1.8481365236803074e-07
44.0,622.4326305566551,-31.77669569053765,5.724725263435624,0.9986301307713688,0.8443271403173683,3.3749879319541956e-21,7.813733854834987e-13,-1.8465716586078813e-07
45.0,622.4326305566661,-31.776695685328022,5.728056842052676,0.9986310400895446,0.8443177527977854,5.89726743915742e-21,7.99090360329665e-13,-1.8449322089630696e-07
46.0,622.432630556677,-31.776695679938463,5.731507862811575,0.9986305666541391,0.8443080648294646,2.6045062747127995e-20,8.166246859506131e-13,-1.8432361358190888e-07
47.0,622.4326305566882,-31.776695674424428,5.735073742206463,0.9986288173125597,0.8442981752301157,8.724995253211381e-20,8.345243100219975e-13,-1.8415008904297112e-07
48.0,622.4326305566992,-31.776695668839388,5.738749694646194,0.9986259047610817,0.8442881790478397,1.8600216549929203e-19,8.522412848681639e-13,-1.839743300190703e-07
49.0,622.43263055671,-31.776695663234733,5.742530787979536,0.9986219459354954,0.844278167182868,2.644434546428327e-19,8.695929612638937e-13,-1.8379795373351227e-07
50.0,622.4326305567208,-31.776695657659452,5.746411996955453,0.9986170605208319,0.8442682260707908,2.882530354497428e-19,8.869446376596235e-13,-1.8362250183110615e-07
51.0,622.432630556732,-31.776695652160033,5.75038825435852,0.9986113695734112,0.8442584372698035,4.837719895217488e-19,9.04844261731008e-13,-1.8344943724769415e-07
52.0,622.432630556743,-31.776695646779967,5.754454499580879,0.9986049942499292,0.844248877180787,1.5736246289574287e-18,9.225612365771744e-13,-1.8328012866960257e-07
53.0,622.4326305567539,-31.776695641559925,5.758605724415063,0.998598054639471,0.844239616776253,4.621428721899133e-18,9.400955621981224e-13,-1.8311585601196483e-07
54.0,622.4326305567648,-31.776695636537347,5.762837015876359,0.9985906686952065,0.8442307212974753,1.01981724796377e-17,9.576298878190705e-13,-1.829577974496304e-07
55.0,622.432630556776,-31.776695631746374,5.767143595888709,0.9985829512631516,0.8442222501029911,1.7237892857002896e-17,9.75529511890455e-13,-1.8280702740471946e-07
56.0,622.4326305567869,-31.77669562721783,5.771520857694099,0.9985750132058142,0.84421425649877,2.2881449906001938e-17,9.93063837511403e-13,-1.8266451587580802e-07
57.0,622.4326305567978,-31.77669562297903,5.77596439887184,0.9985669606187972,0.8442067874865838,2.4967079605643328e-17,1.0105981631323512e-12,-1.8253112251239477e-07
58.0,622.4326305568087,-31.776695619053694,5.780470050880775,0.9985588941385685,0.844199883857339,2.7730622020112796e-17,1.0281324887532992e-12,-1.8240759370803585e-07
59.0,622.4326305568194,-31.776695615461964,5.785033905063916,0.9985509083396158,0.8441935799392969,4.866689733725e-17,1.0453015159238109e-12,-1.8229456338296245e-07
60.0,622.4326305568304,-31.776695612220553,5.789652335081273,0.9985430912191635,0.8441879037898238,1.2161532860678513e-16,1.0630184907699772e-12,-1.821925574561812e-07
61.0,622.4326305568416,-31.77669560934233,5.7943220157623925,0.9985355237674759,0.8441828770691557,2.9019893664844256e-16,1.0809181148413617e-12,-1.82101980876383e-07
62.0,622.4326305568526,-31.77669560683678,5.799039938395217,0.998528279621616,0.844178515159829,5.888835576166445e-16,1.098635089687528e-12,-1.8202313215626926e-07
63.0,622.4326305568637,-31.776695604709847,5.803803422492127,0.9985214248003081,0.8441748272920616,1.015930167842387e-15,1.1165347137589125e-12,-1.8195619845324163e-07
64.0,622.4326305568746,-31.77669560296408,5.808610124097338,0.9985150175173163,0.8441718167702683,1.5121195458859254e-15,1.1340690393798605e-12,-1.8190125981789718e-07
65.0,622.4326305568857,-31.776695601598718,5.813458040722018,0.9985091080704978,0.8441694809715263,1.964643274261455e-15,1.1517860142260269e-12,-1.8185829243630128e-07
66.0,622.4326305568968,-31.776695600609795,5.818345513014472,0.9985037388034497,0.8441678118277604,2.2548712867073806e-15,1.1696856382974113e-12,-1.8182717142505039e-07
67.0,622.4326305569078,-31.776695599990408,5.82327122329236,0.9984989441363752,0.8441667958696849,2.3568553211549794e-15,1.1874026131435777e-12,-1.8180767955186773e-07
68.0,622.4326305569186,-31.7766955997306,5.828234191082226,0.998494750662576,0.8441664146579316,2.472333697937493e-15,1.2047542895393075e-12,-1.8179950354612055e-07
69.0,622.4326305569296,-31.776695599817938,5.833233765828286,0.9984911773067251,0.8441666449989054,3.164474418463405e-15,1.2222886151602555e-12,-1.8180225198722165e-07
70.0,622.4326305569406,-31.776695600237332,5.838269616947638,0.9984882355408413,0.8441674594472593,5.433723501507641e-15,1.2400055900064218e-12,-1.8181545016171398e-07
71.0,622.4326305569515,-31.77669560097141,5.84334172142261,0.998485929653697,0.8441688264922532,1.0674667300317656e-14,1.2575399156273698e-12,-1.8183855135532403e-07
72.0,622.4326305569625,-31.776695602000807,5.848450349132782,0.9984842570691775,0.8441707111209489,2.0481177713953666e-14,1.2752568904735362e-12,-1.818709460207678e-07
73.0,622.4326305569733,-31.776695603304287,5.853596046139423,0.9984832087090056,0.8441730751241785,3.62729360794528e-14,1.292608566869266e-12,-1.8191196602624611e-07
74.0,622.4326305569843,-31.77669560485899,5.858779616143435,0.9984827693950419,0.844175877557451,5.883797075955562e-14,1.3103255417154323e-12,-1.8196089192260763e-07
75.0,622.4326305569953,-31.776695606640725,5.864002100344474,0.9984829182863397,0.844179075093596,8.784127983055605e-14,1.3278598673363803e-12,-1.8201696244656242e-07
76.0,622.4326305570065,-31.776695608624163,5.869264755933817,0.998483629346011,0.8441826226610333,1.2150921859823564e-13,1.3459421406329832e-12,-1.8207938044621481e-07
77.0,622.4326305570173,-31.77669561078303,5.874569033456508,0.9984848718329492,0.8441864736637333,1.5661227645409337e-13,1.363293817028713e-12,-1.8214731914200403e-07
78.0,622.4326305570286,-31.776695613090617,5.879916553279464,0.9984866108134279,0.8441905805218022,1.8893006531728997e-13,1.3813760903253156e-12,-1.8221993800266057e-07
79.0,622.4326305570397,-31.77669561551972,5.885309081401851,0.998488807687644,0.8441948951190796,2.142315534448867e-13,1.3992757143967001e-12,-1.8229638095636604e-07
80.0,622.4326305570509,-31.77669561804293,5.890748504841512,0.9984914207262916,0.8441993691831181,2.298092335069925e-13,1.4171753384680846e-12,-1.8237578533495402e-07
81.0,622.432630557062,-31.776695620633173,5.896236806827392,0.998494405612388,0.8442039547309632,2.3643297571066985e-13,1.435074962539469e-12,-1.8245729931510147e-07
82.0,622.4326305570728,-31.776695623263517,5.901776042022101,0.9984977159836514,0.8442086044585235,2.4046682675498996e-13,1.4524266389351991e-12,-1.8254007521017828e-07
83.0,622.432630557084,-31.776695625907642,5.90736831199157,0.9985013039709051,0.844213272130408,2.5582036038856416e-13,1.4705089122318018e-12,-1.8262328478719103e-07
84.0,622.4326305570951,-31.776695628540068,5.9130157411299225,0.9985051207281535,0.8442179129452854,3.0534633656292323e-13,1.4882258870779681e-12,-1.8270612619853862e-07
85.0,622.4326305571061,-31.776695631136207,5.918720453237472,0.9985091169501742,0.8442224838562689,4.213215918724514e-13,1.5059428619241342e-12,-1.8278782565905003e-07
86.0,622.4326305571175,-31.7766956336726,5.924484548938256,0.9985132433737166,0.8442269438928798,6.447555607767382e-13,1.5242077844459552e-12,-1.8286764493675226e-07
87.0,622.4326305571287,-31.776695636127187,5.930310084110664,0.9985174512586263,0.8442312544694422,1.0231250084454444e-12,1.5422900577425579e-12,-1.8294488984986134e-07
88.0,622.4326305571398,-31.776695638479218,5.936199049490884,0.998521692845542,0.8442353796635867,1.606444460629284e-12,1.5600070325887242e-12,-1.8301890735991686e-07
89.0,622.432630557151,-31.776695640709757,5.942153351593999,0.9985259217870118,0.8442392863753927,2.443310981295186e-12,1.5780893058853268e-12,-1.8308910155954097e-07
90.0,622.4326305571618,-31.77669564280146,5.948174795081815,0.9985300935493187,0.8442429446381744,3.57380290502984e-12,1.5954409822810569e-12,-1.8315492662888035e-07
91.0,622.432630557173,-31.776695644738894,5.954265066690087,0.9985341657824962,0.8442463276032202,5.0224631798170106e-12,1.6133406063524414e-12,-1.8321589689783193e-07
92.0,622.4326305571839,-31.776695646508347,5.960425720810746,0.9985380986564578,0.8442494120024389,6.798521786056681e-12,1.6308749319733894e-12,-1.8327158092050995e-07
93.0,622.432630557195,-31.77669564809834,5.966658166807314,0.998541855161389,0.8442521776508378,8.877550497532728e-12,1.6487745560447738e-12,-1.833216173512024e-07
94.0,622.4326305572058,-31.776695649499185,5.972963658124017,0.9985454013711837,0.8442546086204906,1.1219716638557823e-11,1.6661262324405037e-12,-1.8336570141626728e-07
95.0,622.432630557217,-31.7766956507034,5.979343283231276,0.998548706668466,0.844256691517238,1.3741693549036586e-11,1.6840258565118882e-12,-1.834035975478162e-07
96.0,622.4326305572279,-31.77669565170546,5.985797958432622,0.9985517439309245,0.8442584177147762,1.6353095987071003e-11,1.7015601821328364e-12,-1.8343513200474873e-07
97.0,622.4326305572388,-31.776695652501857,5.992328422540542,0.9985544896782654,0.8442597814660517,1.892566895982738e-11,1.7190945077537843e-12,-1.834601943261851e-07
98.0,622.4326305572497,-31.776695653091203,5.998935233411719,0.9985569241799591,0.8442607806452608,2.1338323867855622e-11,1.7366288333747325e-12,-1.8347874079734396e-07
99.0,622.4326305572612,-31.776695653474043,6.005618766315551,0.9985590315238466,0.8442614165611669,2.3466691611098383e-11,1.7550764051217717e-12,-1.8349078863581182e-07
100.0,622.4326305572722,-31.776695653652702,6.012379214094069,0.9985607996466543,0.8442616937547642,2.5205834187108912e-11,1.7727933799679378e-12,-1.8349641096043017e-07
101.0,622.4326305572832,-31.77669565363149,6.01921658905628,0.99856222032672,0.8442616205934963,2.6495385802546273e-11,1.7905103548141041e-12,-1.8349574338764348e-07
102.0,622.4326305572943,-31.776695653416404,6.026130726535903,0.9985632891410826,0.844261207666055,2.73302401216716e-11,1.8082273296602705e-12,-1.8348897475189105e-07
103.0,622.4326305573054,-31.776695653015075,6.033121290028369,0.9985640053876144,0.8442604676846833,2.7785822616256824e-11,1.8261269537316548e-12,-1.8347634509316164e-07
104.0,622.4326305573167,-31.77669565243674,6.0401877778111706,0.9985643719739975,0.8442594184536513,2.8030657056268535e-11,1.8442092270282576e-12,-1.8345814509798098e-07
105.0,622.432630557328,-31.776695651691835,6.047329530940686,0.9985643952766987,0.8442580787470672,2.8345636263111576e-11,1.8624741495500786e-12,-1.834347032421232e-07
106.0,622.4326305573389,-31.776695650792284,6.054545742509434,0.99856408497067,0.8442564698971642,2.9141456134247474e-11,1.8800084751710266e-12,-1.834063947348116e-07
107.0,622.4326305573502,-31.776695649751073,6.061835468039317,0.9985634538326797,0.8442546149348257,3.0957351812396004e-11,1.8980907484676294e-12,-1.8337362821421986e-07
108.0,622.4326305573611,-31.77669564858206,6.069197636879751,0.9985625175220848,0.8442525354679155,3.445544627109352e-11,1.9156250740885774e-12,-1.8333683982193914e-07
109.0,622.4326305573718,-31.776695647300002,6.076631064474048,0.99856129433926,0.8442502612205072,4.0419086722924574e-11,1.932794101259089e-12,-1.8329649398559562e-07
110.0,622.4326305573827,-31.776695645920466,6.084134465353382,0.9985598049675933,0.8442478176416652,4.974567121685705e-11,1.950328426880037e-12,-1.8325308051198518e-07
111.0,622.4326305573941,-31.77669564445929,6.091706466714941,0.998558072198836,0.8442452330770511,6.342674067317871e-11,1.968593349401858e-12,-1.8320709792849953e-07
112.0,622.4326305574052,-31.776695642932808,6.099345622439477,0.9985561206470137,0.844242538517767,8.251740748865947e-11,1.9864929734732427e-12,-1.8315906007947423e-07
113.0,622.4326305574162,-31.776695641357488,6.10705042740346,0.9985539764532044,0.8442397604641622,1.0809979066944978e-10,2.004209948319409e-12,-1.8310948539314768e-07
114.0,622.4326305574272,-31.776695639749832,6.114819331942303,0.9985516669837678,0.8442369271690116,1.4124298993253425e-10,2.021744273940357e-12,-1.8305889308037597e-07
115.0,622.4326305574381,-31.77669563812628,6.122650756323645,0.9985492205257902,0.8442340692923198,1.8296025497173579e-10,2.039278599561305e-12,-1.830078005631749e-07
116.0,622.4326305574488,-31.77669563650292,6.130543105093448,0.9985466659823574,0.8442312151079395,2.3416357482379874e-10,2.0564476267318165e-12,-1.8295671408330938e-07
117.0,622.4326305574599,-31.776695634895592,6.138494781162526,0.9985440325712783,0.8442283859521221,2.9561603071876676e-10,2.0743472508032012e-12,-1.8290613205636855e-07
118.0,622.432630557471,-31.77669563331943,6.146504199507064,0.9985413495242119,0.8442256073476652,3.6788264613669415e-10,2.0922468748745855e-12,-1.8285653087284717e-07
119.0,622.4326305574821,-31.776695631788918,6.154569800363697,0.9985386457977505,0.8442229312072568,4.512823078083284e-10,2.109963849720752e-12,-1.8280836623977563e-07
120.0,622.4326305574931,-31.7766956303178,6.162690061807648,0.9985359498036072,0.8442203504789985,5.458480348275015e-10,2.127680824566918e-12,-1.8276207072106474e-07
121.0,622.4326305575039,-31.77669562891892,6.170863511611069,0.9985332891301948,0.8442178969599423,6.513078970608772e-10,2.145032500962648e-12,-1.8271804848278787e-07
122.0,622.4326305575148,-31.77669562760417,6.179088738288268,0.9985306902968799,0.8442155952375384,7.670927183540089e-10,2.162566826583596e-12,-1.8267667383974814e-07
123.0,622.432630557526,-31.776695626384225,6.18736440124455,0.9985281785253206,0.8442134675327724,8.92346692218574e-10,2.1804664506549807e-12,-1.8263828264668534e-07
124.0,622.432630557537,-31.77669562526877,6.195689239956068,0.9985257775115403,0.8442115162347782,1.0258849738743841e-09,2.198183425501147e-12,-1.826031796772415e-07
125.0,622.4326305575474,-31.77669562426604,6.204062082119071,0.998523509245307,0.8442097690500434,1.1660909955497213e-09,2.2149871542212222e-12,-1.825716242014371e-07
126.0,622.4326305575584,-31.77669562338331,6.21248185071827,0.9985213938235895,0.8442082285498645,1.3109148834385604e-09,2.2325214798421702e-12,-1.8254384507900993e-07
127.0,622.4326305575694,-31.77669562262631,6.220947569975634,0.9985194493068678,0.8442069062765009,1.4581841068659505e-09,2.2502384546883368e-12,-1.8252002253560593e-07
128.0,622.4326305575802,-31.77669562199951,6.229458370152467,0.9985176915889226,0.8442058147044063,1.6059907783766615e-09,2.2675901310840666e-12,-1.825002974423876e-07
129.0,622.4326305575916,-31.776695621506075,6.238013491189132,0.9985161342936969,0.8442049638614572,1.7524105434793093e-09,2.285855053605887e-12,-1.8248476919178625e-07
130.0,622.4326305576024,-31.776695621147727,6.246612285178358,0.9985147887004245,0.844204366630936,1.8946663053192123e-09,2.303206730001617e-12,-1.824734921198217e-07
131.0,622.4326305576136,-31.77669562092493,6.255254217679063,0.9985136636870782,0.8442040247428352,2.0295620596688385e-09,2.32128900329822e-12,-1.8246648076082027e-07
132.0,622.4326305576246,-31.77669562083685,6.263938867888569,0.9985127656810004,0.8442038828036352,2.1555407311485266e-09,2.3390059781443864e-12,-1.8246370895299458e-07
133.0,622.4326305576355,-31.776695620881377,6.272665927701398,0.9985120986791325,0.8442039010675653,2.272594943508445e-09,2.3565403037653344e-12,-1.8246511017385128e-07
134.0,622.4326305576466,-31.77669562105506,6.281435199692698,0.9985116643028524,0.8442042594824879,2.379117265733845e-09,2.3742572786115005e-12,-1.8247057597495574e-07
135.0,622.4326305576577,-31.77669562135347,6.290246594073636,0.9985114617125527,0.8442048508861495,2.4726404094053426e-09,2.392156902682885e-12,-1.8247996671497309e-07
136.0,622.4326305576689,-31.776695621771037,6.299100124674572,0.9985114878172919,0.844205491640122,2.554819224834455e-09,2.4100565267542695e-12,-1.824931074229753e-07
137.0,622.43263055768,-31.776695622301002,6.307995904019699,0.9985117372601124,0.8442065572296823,2.6296705840278937e-09,2.427956150825654e-12,-1.8250978522698355e-07
138.0,622.4326305576911,-31.776695622935836,6.316934137563854,0.9985122026016524,0.8442075700780937,2.6981418464986674e-09,2.4458557748970385e-12,-1.8252976321747928e-07
139.0,622.4326305577019,-31.7766956236671,6.325915117168333,0.9985128743261109,0.8442089451604727,2.7625583205490316e-09,2.4632074512927683e-12,-1.8255277575169898e-07
140.0,622.4326305577134,-31.77669562448565,6.334939213897915,0.9985137411189381,0.8442103819135864,2.832228165897599e-09,2.4816550230398074e-12,-1.8257853527358716e-07
141.0,622.4326305577246,-31.776695625381606,6.344006870225642,0.9985147899297226,0.8442119157200477,2.9162905929254955e-09,2.499554647111192e-12,-1.8260673063675875e-07
142.0,622.4326305577354,-31.77669562634468,6.353118591735318,0.998516006138302,0.8442136429175462,3.0194704327518187e-09,2.516906323506922e-12,-1.8263703817294753e-07
143.0,622.4326305577467,-31.776695627364077,6.362274938414335,0.9985173738107309,0.8442154375686295,3.1570377911274873e-09,2.535171246028743e-12,-1.8266911822612845e-07
144.0,622.4326305577575,-31.776695628428573,6.371476515630916,0.9985188757926061,0.8442173181766495,3.3488077217225754e-09,2.5525229224244728e-12,-1.8270261750037013e-07
145.0,622.4326305577689,-31.77669562952701,6.380723964890629,0.9985204939583228,0.8442192901790296,3.6013595198400477e-09,2.5707878449462938e-12,-1.82737184823989e-07
146.0,622.4326305577799,-31.776695630647836,6.390017954466627,0.9985222094021731,0.8442213046589859,3.9434844011982645e-09,2.58850481979246e-12,-1.8277245683882782e-07
147.0,622.4326305577911,-31.776695631779656,6.3993591699971075,0.9985240026315808,0.8442233276492912,4.400532797676779e-09,2.606404443863844e-12,-1.828080747706323e-07
148.0,622.4326305578021,-31.776695632911185,6.408748305141387,0.9985258537807286,0.8442253484021017,4.9846141826324405e-09,2.6241214187100107e-12,-1.8284368353463095e-07
149.0,622.4326305578129,-31.77669563403138,6.418186052383195,0.9985277428188454,0.8442273523493743,5.747232948696905e-09,2.6414730951057406e-12,-1.82878935648623e-07
150.0,622.4326305578237,-31.776695635129386,6.427673094066199,0.9985296497623842,0.8442292884240513,6.701208324967566e-09,2.6588247715014704e-12,-1.8291348944413817e-07
151.0,622.4326305578352,-31.77669563619465,6.4372100937424666,0.9985315548837523,0.8442310522634129,7.895138180311543e-09,2.6772723432485095e-12,-1.82947012867722e-07
152.0,622.4326305578462,-31.77669563721727,6.446797687909638,0.9985334388545882,0.8442325738160832,9.369590925321816e-09,2.6949893180946757e-12,-1.829791943257794e-07
153.0,622.4326305578571,-31.7766956381887,6.456436478206798,0.9985352828298132,0.8442340669298569,1.1157971784324834e-08,2.712523643715624e-12,-1.830097648214715e-07
154.0,622.4326305578682,-31.776695639101675,6.4661270241332645,0.9985370687606859,0.8442359711933958,1.3325684141584816e-08,2.73024061856179e-12,-1.8303849583046805e-07
155.0,622.4326305578793,-31.776695639947043,6.475869836347609,0.9985387798428443,0.8442379189709801,1.5905362274108298e-08,2.7481402426331745e-12,-1.8306509923770105e-07
156.0,622.4326305578902,-31.776695640715367,6.485665370597309,0.998540400158734,0.844238762574706,1.8970126453093356e-08,2.765674568254123e-12,-1.8308927809570412e-07
157.0,622.432630557901,-31.77669564140383,6.495514022322237,0.9985419147691048,0.8442396400836675,2.256587207209626e-08,2.7830262446498527e-12,-1.8311094374508696e-07
158.0,622.432630557912,-31.776695642007866,6.505416121967452,0.9985433105827006,0.8442415464710977,2.6766531907423028e-08,2.800743219496019e-12,-1.8312995251962428e-07
159.0,622.4326305579231,-31.77669564251939,6.515371931033079,0.9985445752847819,0.8442416821746032,3.1631003210487904e-08,2.818460194342185e-12,-1.8314604995680358e-07
160.0,622.4326305579339,-31.77669564293858,6.525381638881334,0.9985456990799326,0.8442427451089755,3.723941682523262e-08,2.8358118707379152e-12,-1.8315924175855282e-07
161.0,622.4326305579449,-31.776695643261274,6.535445360312739,0.9985466726717648,0.8442433122076317,4.365621873817737e-08,2.8535288455840814e-12,-1.8316939678052791e-07
162.0,622.4326305579559,-31.77669564348677,6.5455631339159135,0.9985474893263775,0.8442435187803585,5.097284457117975e-08,2.8712458204302475e-12,-1.8317649310943688e-07
163.0,622.4326305579668,-31.77669564361432,6.555734921187544,0.9985481435266012,0.8442438784327362,5.925990457045881e-08,2.888780146051196e-12,-1.8318050704314766e-07
164.0,622.4326305579781,-31.77669564364417,6.565960606411741,0.9985486316510125,0.8442439438290201,6.860833538013555e-08,2.9068624193477983e-12,-1.8318144640783592e-07
165.0,622.4326305579893,-31.776695643579988,6.5762399972808225,0.9985489518672688,0.8442435600323177,7.912140343982111e-08,2.924944692644401e-12,-1.831794265836919e-07
166.0,622.4326305580003,-31.77669564341907,6.586572826232622,0.998549103822359,0.8442436489060717,9.084209301703269e-08,2.942479018265349e-12,-1.8317436260080805e-07
167.0,622.4326305580113,-31.776695643170928,6.596958752473069,0.9985490891635097,0.8442429593325181,1.0397684663891382e-07,2.9601959931115153e-12,-1.831665536427009e-07
168.0,622.4326305580222,-31.77669564283669,6.607397364646517,0.9985489110960133,0.8442423302973278,1.1842449578488571e-07,2.9777303187324637e-12,-1.8315603526256862e-07
169.0,622.4326305580328,-31.776695642419362,6.617888184111013,0.9985485741542396,0.8442415574055468,1.3460869323551178e-07,2.994716696677757e-12,-1.8314290215713706e-07
170.0,622.432630558044,-31.776695641923983,6.628430668770559,0.9985480845536859,0.8442410567761839,1.5216648307677538e-07,3.0127989699743596e-12,-1.8312731275056282e-07
171.0,622.4326305580549,-31.7766956413627,6.639024217411974,0.9985474500717565,0.8442400717711556,1.7182626955315324e-07,3.0303332955953076e-12,-1.8310964940742973e-07
172.0,622.4326305580661,-31.77669564074456,6.649668174490105,0.9985466798741809,0.8442382235875574,1.92950690955115e-07,3.0482329196666923e-12,-1.8309019677692806e-07
173.0,622.4326305580767,-31.776695640066272,6.66036183530211,0.9985457839235656,0.8442367554233743,2.1644934580317262e-07,3.065219297611986e-12,-1.830688513299336e-07
174.0,622.4326305580879,-31.776695639329755,6.671104451488643,0.9985447733346464,0.8442362541899383,2.4172146699837994e-07,3.0833015709085883e-12,-1.8304567343980176e-07
175.0,622.432630558099,-31.776695638550578,6.681895236798162,0.9985436604447091,0.8442359006575673,2.693347808121614e-07,3.101201194979973e-12,-1.830211530251309e-07
176.0,622.43263055811,-31.776695637746172,6.692733373048925,0.998542458302219,0.8442348341165447,2.9940957869948035e-07,3.118735520600921e-12,-1.8299583870083715e-07
177.0,622.4326305581211,-31.776695636926913,6.703618016223176,0.9985411804704749,0.8442329699428708,3.3147208077737763e-07,3.1366351446723057e-12,-1.829700569302495e-07
178.0,622.4326305581322,-31.776695636097415,6.714548302627563,0.9985398410906234,0.8442307110904987,3.6681995525216107e-07,3.15453476874369e-12,-1.8294395294482829e-07
179.0,622.432630558143,-31.776695635261625,6.7255233550546905,0.9985384547978725,0.8442284541626991,4.040305626688088e-07,3.1718864451394198e-12,-1.8291765095716203e-07
180.0,622.4326305581541,-31.776695634425547,6.736542288882116,0.9985370364902116,0.8442264023541175,4.4469631655246213e-07,3.1896034199855863e-12,-1.8289133991349245e-07
181.0,622.4326305581652,-31.776695633596542,6.7476042180466616,0.9985356011047458,0.8442246227308404,4.88104537885617e-07,3.2075030440569706e-12,-1.8286525146862013e-07
182.0,622.4326305581762,-31.77669563278223,6.758708260834721,0.9985341634454367,0.8442231626832484,5.341149319117977e-07,3.2252200189031367e-12,-1.8283962532712627e-07
183.0,622.4326305581872,-31.776695631989487,6.769853545431826,0.9985327380256942,0.844222125501158,5.84302591935656e-07,3.242754344524085e-12,-1.8281467805047259e-07
184.0,622.432630558198,-31.7766956312253,6.78103921517845,0.9985313389099975,0.8442216596739821,6.366235126440322e-07,3.260106020919815e-12,-1.8279062944239355e-07
185.0,622.4326305582091,-31.776695630497976,6.792264433482703,0.9985299796099839,0.8442218154511504,6.931137910582024e-07,3.2780056449911992e-12,-1.827677407853548e-07
186.0,622.4326305582198,-31.776695629819326,6.803528388345192,0.9985286731301903,0.8442222565618597,7.532919527790732e-07,3.295174672161711e-12,-1.8274638393450435e-07
187.0,622.4326305582307,-31.776695629203804,6.814830296455585,0.9985274321199192,0.8442220200540691,8.160614781135212e-07,3.312708997782659e-12,-1.8272701370245248e-07
188.0,622.4326305582416,-31.776695628660942,6.82616940682545,0.9985262687199683,0.8442198774237473,8.840662551275731e-07,3.3302433234036073e-12,-1.8270993005533328e-07
189.0,622.432630558253,-31.776695628185198,6.83754500392714,0.9985251936324857,0.844215763937672,9.550649952279056e-07,3.3485082459254283e-12,-1.826949585812313e-07
190.0,622.4326305582641,-31.776695627761626,6.8489564103143135,0.9985242151347723,0.8442122576155741,1.0297758357665186e-06,3.3664078699968126e-12,-1.8268162892698732e-07
191.0,622.4326305582753,-31.776695627392833,6.860402988704274,0.9985233401411986,0.8442129730228534,1.1100467134341068e-06,3.3843074940681973e-12,-1.8267002315564367e-07
192.0,622.4326305582862,-31.77669562710474,6.871884143508976,0.9985225768867874,0.8442170213378669,1.1930510246783424e-06,3.4018418196891453e-12,-1.8266095697831257e-07
193.0,622.4326305582971,-31.776695626899443,6.883399321806762,0.9985219338794356,0.8442175800478056,1.280839956208631e-06,3.4193761453100932e-12,-1.8265449635847495e-07
194.0,622.4326305583077,-31.776695626745553,6.894948013750033,0.9985214149617261,0.8442125425533832,1.3742170334560116e-06,3.4363625232553868e-12,-1.826496535209557e-07
195.0,622.4326305583191,-31.776695626672016,6.906529752418182,0.9985210208730947,0.8442111851552887,1.4704619737882107e-06,3.454810095002426e-12,-1.8264733932080308e-07
196.0,622.4326305583301,-31.776695626721814,6.918144113115313,0.9985207547507836,0.8442162261611775,1.572197197582328e-06,3.472344420623374e-12,-1.826489064565845e-07
197.0,622.4326305583409,-31.77669562679609,6.929790712136083,0.9985206180588934,0.844215637649186,1.6796515551823176e-06,3.4896960970191037e-12,-1.8265124391165917e-07
198.0,622.4326305583522,-31.776695626904242,6.941469205011948,0.9985206098453389,0.8442119061726278,1.790278308328806e-06,3.5079610195409247e-12,-1.8265464740366584e-07
199.0,622.4326305583629,-31.77669562718661,6.953179284262092,0.9985207293535571,0.8442158877685647,1.9066843236985482e-06,3.5251300467114364e-12,-1.8266353335535094e-07
200.0,622.4326305583737,-31.77669562746014,6.964920676683545,0.9985209705585745,0.8442162114528462,2.0291922894781872e-06,3.5424817231071663e-12,-1.826721412541939e-07
