label,L,n,dr,dt,delta,T,steps,saved_frames,finite,N_initial,E_initial,max_N_drift,max_E_drift,max_width_change,min_core_fraction,max_outer_fraction
control,640.0,8191,0.078125,0.01,0.0,200.0,20000,201,True,622.432630556169,-31.853637285160524,6.827793337107091e-12,1.2513046767116698e-11,2.8420410469465196e-07,0.9987468175270909,3.225809960202246e-14
perturb01,640.0,8191,0.078125,0.01,0.01,200.0,20000,201,True,622.432630556169,-31.850588707498982,6.8232271064766365e-12,2.4288988434600025e-08,0.011682657628008242,0.998688989790017,6.881566634877438e-08
perturb03,640.0,8191,0.078125,0.01,0.03,200.0,20000,201,True,622.432630556169,-31.82606636025493,6.819391472747054e-12,7.904467766285075e-08,0.09331754301979922,0.9985236633982343,6.733407166937591e-07
perturb05,640.0,8191,0.078125,0.01,0.05,200.0,20000,201,True,622.4326305561688,-31.776689822744167,6.825601546404476e-12,1.42608252393237e-07,0.24036159250202638,0.9982920130103633,2.0293083839986017e-06
time_coarse,640.0,8191,0.078125,0.04,0.05,200.0,5000,201,True,622.4326305561688,-31.776689822744167,1.74503069773477e-12,2.2793263943073063e-06,0.2402849523543269,0.9982918359850841,2.0287322144906997e-06
time_medium,640.0,8191,0.078125,0.02,0.05,200.0,10000,201,True,622.4326305561688,-31.776689822744167,3.5424817231071663e-12,5.703123978078751e-07,0.240346250643531,0.9982919776155781,2.0291922894781872e-06
time_fine,640.0,8191,0.078125,0.005,0.05,200.0,40000,201,True,622.4326305561688,-31.776689822744167,1.3825815752117559e-11,3.565417113463359e-08,0.24036542904740155,0.998292021858258,2.029337474844179e-06
space_coarse,640.0,4095,0.15625,0.01,0.05,200.0,20000,201,True,622.4326305561602,-31.776689822743393,6.066511366397682e-12,1.4260800810475633e-07,0.24036159249909028,0.9982912466293209,2.0311939574251116e-06
space_fine,640.0,16383,0.0390625,0.01,0.05,200.0,20000,201,True,622.4326305561725,-31.77668982274453,5.163493596918741e-13,1.4260810883881265e-07,0.24036159250130562,0.9982922046346101,2.0283636903585687e-06
domain960,960.0,12287,0.078125,0.01,0.05,200.0,20000,201,True,622.4326305561686,-31.776689822744146,1.507422320648402e-11,1.4260840679250326e-07,0.24039901962795196,0.9982920130103635,2.2548987790516652e-09
