t,M,H,phase_L2,phase_H1,rms,core,outer,peak,centroid_norm,e_min,e_max,p_L2,response_defect_L2
0.0,182.2989061709963,1.7641498927863764,0.049953200541212994,0.057820823642153865,4.178710914179973,0.9996097529705137,4.797773400818326e-07,1.381136327861259,2.7755588855829086e-09,9.14595991313236e-18,0.5912629537647679,0.01734882615562519,0.11426771736804592
1.0,182.29890617099747,1.764134914201183,0.05009243209937629,0.05701651454916702,4.184238066103876,0.9996096481900599,4.797855711750951e-07,1.4156229328711971,4.676625543781669e-09,1.5885495652021754e-17,0.56148416659653,0.26107080347402817,0.16919803433871589
2.0,182.29890617099866,1.764135986451246,0.04968325361124435,0.05558176910650252,4.188038437051166,0.9996098651175661,4.79876249904378e-07,1.4324748029883856,5.760933824274021e-09,3.061616787809892e-17,0.5836827481506384,0.21832346330590846,0.28073381172339334
3.0,182.29890617099986,1.7641341556791912,0.04929512932861835,0.05455807653129419,4.191902263302129,0.999610168943574,4.796986311520767e-07,1.4558339931138122,6.717076244938349e-09,5.037904512524834e-17,0.5915308986422121,0.20983941285949761,0.2222869670326675
4.0,182.29890617100102,1.7641293470401007,0.048118289842169155,0.05255050360555833,4.191975622147859,0.9996069869135592,4.791044664679588e-07,1.4610696531343117,7.629930749513862e-09,6.559766871433845e-17,0.5748206803930686,0.23213822628234798,0.1644314921270116
5.0,182.2989061710022,1.7641320119487016,0.046808447824929246,0.05087052883508807,4.190167891525076,0.9995902442601957,4.806509787253343e-07,1.478745981602905,8.471174671313747e-09,-3.6253420390289506e-10,0.5950668228854227,0.1977200689779004,0.19465230092354485
6.0,182.29890617100335,1.7641284637312855,0.045989008108611056,0.049715034926211446,4.187504155441347,0.9996333049125836,4.739684716940419e-07,1.5063596201606881,9.116064979908671e-09,-2.561163404570207e-10,0.5907891819468672,0.1611179327081022,0.17272681964989725
7.0,182.29890617100452,1.764124214374986,0.04515686021156032,0.04839892321513198,4.182816349128293,0.9995911801578582,6.402171244370458e-07,1.5231432149172623,1.0369034058193864e-08,-1.1974993149758597e-05,0.5947741922722781,0.17309448280433964,0.15518594276584968
8.0,182.2989061710056,1.7641248719577138,0.04414189760748047,0.04707067533322899,4.176948430022251,0.9995513374374471,2.2690467688880565e-06,1.5390910809953597,2.4176592433025085e-08,-1.782309114399988e-05,0.6005339999190116,0.15863696209962616,0.20923299658129757
9.0,182.29890617100676,1.7641240177292516,0.04321129485558788,0.045993050826908646,4.170823861119524,0.9995678961167846,1.0289580773059525e-05,1.5473194538739519,1.0917266216306574e-07,-1.9920446479286155e-05,0.5976845818643093,0.1596416285909499,0.22540090184608078
10.0,182.29890617100787,1.7641232186274665,0.04243263469319012,0.045127929609397745,4.164757826069799,0.9994104002398511,2.4863793566589034e-05,1.553701484892475,7.915186430565458e-07,-2.0570663149946856e-05,0.6015460480233162,0.17737115991397107,0.19223622455452144
11.0,182.2989061710091,1.7641229433565229,0.0418908004944716,0.04452060800640775,4.1585225573082845,0.9992013809601843,4.924255534067686e-05,1.5623940758119095,3.334317788521464e-06,-1.8641868916354677e-05,0.6016242095552616,0.1659726163833285,0.16154039522893582
12.0,182.2989061710102,1.7641220947100402,0.041546653100006145,0.04409848342255377,4.1516564148564745,0.9990371266558967,7.213767929445894e-05,1.5713805147929714,1.0826605951700134e-05,-2.641827565943044e-05,0.6031685819280307,0.16060771322241954,0.15880815509671353
13.0,182.29890617101137,1.7641212770339292,0.04127454936931953,0.04375276915256386,4.144286591735886,0.9988190120035185,8.437615176004163e-05,1.5812977898479874,2.5873088940340025e-05,-4.339623783676023e-05,0.605251778395435,0.16864050530097996,0.1818219033506951
14.0,182.29890617101253,1.7641206411807666,0.040999095483092475,0.043428660763407415,4.136896062857826,0.998595890498178,0.00010167779292637402,1.589421705709844,4.4675129799752525e-05,-3.630630470522099e-05,0.6059343387137005,0.16021629044200783,0.21442780943834616
15.0,182.29890617101364,1.7641200802748465,0.040713213456055886,0.04312309561767932,4.129872291019225,0.9984268184883196,0.00012764101204420863,1.5957371266077278,6.103107340062811e-05,-2.874252971051797e-05,0.6072989731181314,0.15749614164241535,0.21650104947797727
16.0,182.2989061710148,1.7641195086395753,0.04048803873494282,0.04289941354316408,4.123209431868582,0.9983155001972387,0.0001519915498452773,1.6012789706066861,7.099153680446127e-05,-0.0002148814219817098,0.6079095170965089,0.16614724596819275,0.18511994061869885
17.0,182.29890617101597,1.7641191364045863,0.04040817946011659,0.04282635628384432,4.116598904712345,0.9982439124547803,0.00017838867910360937,1.606764868005239,7.641961921137011e-05,-0.0002673690534099327,0.6087971494915398,0.1620115975822363,0.16291774503006276
18.0,182.29890617101714,1.7641186881766524,0.04049217130268397,0.04290757831587553,4.109858657164605,0.9981755979942222,0.00021536219790326718,1.6132571030004879,8.232700504761501e-05,-0.0018308424880380798,0.6098195813992675,0.15767625380690634,0.16897045687470855
19.0,182.2989061710183,1.7641179888822434,0.040667688630967015,0.04306760357483012,4.103167539397906,0.9981179259958047,0.0002630327853225328,1.6195039013519514,8.91545769452341e-05,-0.0033262763539428594,0.6107526780300241,0.16236386363290667,0.18792804745532807
20.0,182.2989061710194,1.7641174269836584,0.04084472017599992,0.043226215923998126,4.0969690373222125,0.9980897252022074,0.0003173247758093059,1.6257469754904343,9.91687912856809e-05,-0.0033347388713881342,0.6116900457260087,0.15994353705242298,0.20710193207803748
