t,M,H,phase_L2,phase_H1,rms,core,outer,peak,centroid_norm
0.0,174.41431680815612,1.6150662623988588,1.683436659854502e-16,1.3338591954555322e-15,3.973873152244125,0.9996720600267696,4.0483178987440856e-07,1.5975146832151548,3.901069523291587e-09
1.0,174.41431680815342,1.6150663170961792,1.8102736637341854e-05,2.740674042103642e-05,3.9738763586274657,0.9996720600252029,4.048417346086337e-07,1.5974475782117017,6.5611621836202775e-09
2.0,174.41431680815066,1.6150663905701954,3.1761686661653965e-05,4.4424819596572204e-05,3.9738849656155786,0.9996720604159719,4.0492499000938306e-07,1.5973445956101833,8.078690652788077e-09
3.0,174.4143168081479,1.6150664127258878,4.063272221870424e-05,5.297791798995976e-05,3.973897226416087,0.9996720660857733,4.0476737822322877e-07,1.5973127404992296,9.438349903663921e-09
4.0,174.41431680814512,1.6150664165333772,4.7111837369085235e-05,5.854846355343304e-05,3.9739120659667297,0.9996720508767324,4.0413276072041805e-07,1.597290842662406,1.0690179917151694e-08
5.0,174.4143168081423,1.6150664201400105,5.2748258360893264e-05,6.347696163472964e-05,3.9739288986992864,0.9996720952979808,4.035191284687166e-07,1.597273140859746,1.1849465640684768e-08
6.0,174.41431680813952,1.6150664247889495,5.798218918002664e-05,6.821255890646706e-05,3.9739473092729205,0.9996721171817673,4.0360585779673725e-07,1.5972597066181062,1.3029710901557836e-08
7.0,174.41431680813682,1.615066429819354,6.292355997390948e-05,7.266040925031206e-05,3.9739669443121906,0.9996720005076829,4.039995798800711e-07,1.5972444617205406,1.3920192981769707e-08
8.0,174.41431680813403,1.6150664340486607,6.759187782624081e-05,7.690470882890895e-05,3.9739874811685527,0.9996719043589337,4.0525649125072095e-07,1.597226732670752,1.4679012220171811e-08
9.0,174.41431680813122,1.615066439976708,7.20705309769004e-05,8.115465370797706e-05,3.974008619648373,0.999671919194624,4.0555022092290924e-07,1.5972167476353076,1.591934385428605e-08
10.0,174.4143168081285,1.615066444417245,7.624304104222055e-05,8.501689375638849e-05,3.974030073664276,0.9996720110131999,4.0574790563654443e-07,1.597200255004695,1.6492210177347157e-08
11.0,174.41431680812565,1.6150664475163197,8.017079203193941e-05,8.868158392460798e-05,3.9740515772054876,0.9996721232266208,4.101291492868613e-07,1.5971936853488176,1.7598702023688112e-08
12.0,174.41431680812286,1.6150664540771729,8.397472442909155e-05,9.239778742514155e-05,3.974072900033565,0.9996722222653032,4.1444265809689115e-07,1.5971773954580168,1.8520712249784734e-08
13.0,174.41431680812008,1.615066459538184,8.742645007990484e-05,9.573667828831133e-05,3.974093770794605,0.9996722932273869,4.149469736815119e-07,1.5971634525649858,1.931917604827463e-08
14.0,174.41431680811732,1.6150664591675543,9.035458523464316e-05,9.821163772663043e-05,3.9741139596178243,0.9996723374127395,4.132993739132296e-07,1.5971608425027224,1.9157624881742876e-08
15.0,174.41431680811445,1.6150664595885011,9.311456118064056e-05,0.00010060563743045926,3.9741333417413824,0.9996723508031352,4.1272793706606947e-07,1.5971565364920801,1.92952300058445e-08
16.0,174.41431680811166,1.6150664650060271,9.592708310439852e-05,0.00010346803810581159,3.974151784567026,0.9996723409983852,4.148273009010951e-07,1.5971453818951178,2.0200294186505465e-08
17.0,174.4143168081089,1.615066472764589,9.862534263426816e-05,0.0001063534095558036,3.9741690664967058,0.9996723129933647,4.193100315161021e-07,1.5971308891922162,2.1300067984510978e-08
18.0,174.41431680810612,1.6150664778457156,0.00010086500844888258,0.00010873083609259262,3.9741849325535963,0.999672262434036,4.2448874983211185e-07,1.5971203913912453,2.2938486232329202e-08
19.0,174.41431680810337,1.6150664783065665,0.00010238646656166318,0.00010995883259605365,3.974199196404467,0.9996721983094858,4.293572342190629e-07,1.59711749117217,2.2015776869817635e-08
20.0,174.41431680810058,1.6150664757314424,0.00010338849536353107,0.00011057003264444229,3.97421179565492,0.9996721269284882,4.331814681820895e-07,1.5971197300340405,2.171170111964663e-08
