omega,L,method,step,dM_domega
0.03,80.0,linearized_BVP,0.0,-859.3042916961161
0.03,80.0,centered_mass_difference,0.001,-860.4351913298132
0.03,80.0,centered_mass_difference,0.0005,-859.586821878537
0.03,80.0,centered_mass_difference,0.00025,-859.3749120819325
0.03,120.0,linearized_BVP,0.0,-859.3042918998405
0.03,120.0,centered_mass_difference,0.001,-860.4351915312378
0.03,120.0,centered_mass_difference,0.0005,-859.5868220741352
0.03,120.0,centered_mass_difference,0.00025,-859.3749122662757
0.1,80.0,linearized_BVP,0.0,553.2429798280107
0.1,80.0,centered_mass_difference,0.001,553.2326227105102
0.1,80.0,centered_mass_difference,0.0005,553.2403907739649
0.1,80.0,centered_mass_difference,0.00025,553.2423325785771
0.1,120.0,linearized_BVP,0.0,553.2429798281845
0.1,120.0,centered_mass_difference,0.001,553.2326227098991
0.1,120.0,centered_mass_difference,0.0005,553.2403907746186
0.1,120.0,centered_mass_difference,0.00025,553.2423325780087
0.3,80.0,linearized_BVP,0.0,2156.00576568313
0.3,80.0,centered_mass_difference,0.001,2156.022240001505
0.3,80.0,centered_mass_difference,0.0005,2156.0098842491584
0.3,80.0,centered_mass_difference,0.00025,2156.0067953233784
0.3,120.0,linearized_BVP,0.0,2156.005765683059
0.3,120.0,centered_mass_difference,0.001,2156.0222400022153
0.3,120.0,centered_mass_difference,0.0005,2156.009884249954
0.3,120.0,centered_mass_difference,0.00025,2156.0067953236057
