omega,L,h,operator,ell,index,value
0.03,80.0,0.08,minus,0,0,-6.861505423429875e-06
0.03,80.0,0.08,minus,0,1,0.03192227512754775
0.03,80.0,0.08,minus,0,2,0.037613105096414606
0.03,80.0,0.08,minus,1,0,0.033134420818851214
0.03,80.0,0.08,minus,1,1,0.039165022636831595
0.03,80.0,0.08,minus,1,2,0.04801973849389393
0.03,80.0,0.08,minus,2,0,0.0351892752937298
0.03,80.0,0.08,minus,2,1,0.042913784346086815
0.03,80.0,0.08,minus,2,2,0.05367572535354755
0.03,80.0,0.08,plus,0,0,-0.24059682995864856
0.03,80.0,0.08,plus,0,1,0.0311636162738409
0.03,80.0,0.08,plus,0,2,0.03520143733864439
0.03,80.0,0.08,plus,1,0,-1.741002079774769e-05
0.03,80.0,0.08,plus,1,1,0.03320214109743701
0.03,80.0,0.08,plus,1,2,0.03962817304766979
0.03,80.0,0.08,plus,2,0,0.035186913233798564
0.03,80.0,0.08,plus,2,1,0.042884513821078815
0.03,80.0,0.08,plus,2,2,0.053527125328897834
0.03,80.0,0.04,minus,0,0,-1.7150951292294931e-06
0.03,80.0,0.04,minus,0,1,0.03192232254441777
0.03,80.0,0.04,minus,0,2,0.037613293913435174
0.03,80.0,0.04,minus,1,0,0.03313442352540624
0.03,80.0,0.04,minus,1,1,0.0391650499987687
0.03,80.0,0.04,minus,1,2,0.04801985457100349
0.03,80.0,0.04,minus,2,0,0.035189279201013265
0.03,80.0,0.04,minus,2,1,0.04291381989305798
0.03,80.0,0.04,minus,2,2,0.05367586659825968
0.03,80.0,0.04,plus,0,0,-0.2405669651053443
0.03,80.0,0.04,plus,0,1,0.031164224072871727
0.03,80.0,0.04,plus,0,2,0.035202840959521454
0.03,80.0,0.04,plus,1,0,-4.351859146905885e-06
0.03,80.0,0.04,plus,1,1,0.03320217117041903
0.03,80.0,0.04,plus,1,2,0.03962835420070544
0.03,80.0,0.04,plus,2,0,0.03518691713234244
0.03,80.0,0.04,plus,2,1,0.04288454895782126
0.03,80.0,0.04,plus,2,2,0.05352726271060299
0.03,80.0,0.02,minus,0,0,-4.2875644932603634e-07
0.03,80.0,0.02,minus,0,1,0.03192233439707542
0.03,80.0,0.02,minus,0,2,0.037613341114044525
0.03,80.0,0.02,minus,1,0,0.03313442420189236
0.03,80.0,0.02,minus,1,1,0.039165056837967255
0.03,80.0,0.02,minus,1,2,0.048019883591230925
0.03,80.0,0.02,minus,2,0,0.035189280178047
0.03,80.0,0.02,minus,2,1,0.04291382877871358
0.03,80.0,0.02,minus,2,2,0.05367590190995351
0.03,80.0,0.02,plus,0,0,-0.24055950043049334
0.03,80.0,0.02,plus,0,1,0.031164375815658694
0.03,80.0,0.02,plus,0,2,0.035203191542414185
0.03,80.0,0.02,plus,1,0,-1.087924655882597e-06
0.03,80.0,0.02,plus,1,1,0.03320217869007468
0.03,80.0,0.02,plus,1,2,0.03962839949308422
0.03,80.0,0.02,plus,2,0,0.03518691810688085
0.03,80.0,0.02,plus,2,1,0.04288455774239281
0.03,80.0,0.02,plus,2,2,0.05352729705552895
0.03,120.0,0.08,minus,0,0,-6.861505716150793e-06
0.03,120.0,0.08,minus,0,1,0.03079280434914288
0.03,120.0,0.08,minus,0,2,0.033161982835693354
0.03,120.0,0.08,minus,1,0,0.03139938739627451
0.03,120.0,0.08,minus,1,1,0.03412185457767684
0.03,120.0,0.08,minus,1,2,0.03817218840661468
0.03,120.0,0.08,minus,2,0,0.03230670626340775
0.03,120.0,0.08,minus,2,1,0.035743586052450094
0.03,120.0,0.08,minus,2,2,0.04054123780833408
0.03,120.0,0.08,plus,0,0,-0.2405968299583331
0.03,120.0,0.08,plus,0,1,0.0305530292302664
0.03,120.0,0.08,plus,0,2,0.032334184772743566
0.03,120.0,0.08,plus,1,0,-1.741002087285842e-05
0.03,120.0,0.08,plus,1,1,0.03140894594257493
0.03,120.0,0.08,plus,1,2,0.034194143885376865
0.03,120.0,0.08,plus,2,0,0.032306557769170505
0.03,120.0,0.08,plus,2,1,0.03574159368524746
0.03,120.0,0.08,plus,2,2,0.04053029515361163
0.03,120.0,0.04,minus,0,0,-1.7150954672506918e-06
0.03,120.0,0.04,minus,0,1,0.030792817029723477
0.03,120.0,0.04,minus,0,2,0.033162034362857834
0.03,120.0,0.04,minus,1,0,0.03139938791664631
0.03,120.0,0.04,minus,1,1,0.03412185990482257
0.03,120.0,0.04,minus,1,2,0.03817221114311652
0.03,120.0,0.04,minus,2,0,0.03230670703704667
0.03,120.0,0.04,minus,2,1,0.0357435931072419
0.03,120.0,0.04,minus,2,2,0.04054126595600435
0.03,120.0,0.04,plus,0,0,-0.2405669651049528
0.03,120.0,0.04,plus,0,1,0.030553266039247018
0.03,120.0,0.04,plus,0,2,0.0323348261490664
0.03,120.0,0.04,plus,1,0,-4.351859015558893e-06
0.03,120.0,0.04,plus,1,1,0.03140895057695527
0.03,120.0,0.04,plus,1,2,0.03419417704276176
0.03,120.0,0.04,plus,2,0,0.03230655854281378
0.03,120.0,0.04,plus,2,1,0.035741600727164397
0.03,120.0,0.04,plus,2,2,0.04053032315419838
0.03,120.0,0.02,minus,0,0,-4.2875658132658654e-07
0.03,120.0,0.02,minus,0,1,0.030792820199869002
0.03,120.0,0.02,minus,0,2,0.03316204724261718
0.03,120.0,0.02,minus,1,0,0.03139938804569129
0.03,120.0,0.02,minus,1,1,0.03412186123523961
0.03,120.0,0.02,minus,1,2,0.038172216826422176
0.03,120.0,0.02,minus,2,0,0.03230670723090362
0.03,120.0,0.02,minus,2,1,0.03574359487093737
0.03,120.0,0.02,minus,2,2,0.04054127299370508
0.03,120.0,0.02,plus,0,0,-0.2405595004300448
0.03,120.0,0.02,plus,0,1,0.030553325144279553
0.03,120.0,0.02,plus,0,2,0.032334986296140844
0.03,120.0,0.02,plus,1,0,-1.0879245462877867e-06
0.03,120.0,0.02,plus,1,1,0.031408951736213234
0.03,120.0,0.02,plus,1,2,0.034194185332981894
0.03,120.0,0.02,plus,2,0,0.03230655873776553
0.03,120.0,0.02,plus,2,1,0.03574160248984229
0.03,120.0,0.02,plus,2,2,0.040530330153567454
0.1,80.0,0.08,minus,0,0,-3.216977227484367e-05
0.1,80.0,0.08,minus,0,1,0.10175620191441119
0.1,80.0,0.08,minus,0,2,0.10701238076255826
0.1,80.0,0.08,minus,1,0,0.10314496766303617
0.1,80.0,0.08,minus,1,1,0.10924156919117928
0.1,80.0,0.08,minus,1,2,0.1182517001143107
0.1,80.0,0.08,minus,2,0,0.10519007898617286
0.1,80.0,0.08,minus,2,1,0.11292288300300973
0.1,80.0,0.08,minus,2,2,0.12371640333556644
0.1,80.0,0.08,plus,0,0,-0.3801900079695511
0.1,80.0,0.08,plus,0,1,0.10138545301030039
0.1,80.0,0.08,plus,0,2,0.10566113411161629
0.1,80.0,0.08,plus,1,0,-6.381457152962585e-05
0.1,80.0,0.08,plus,1,1,0.10316810305244314
0.1,80.0,0.08,plus,1,2,0.10942451453650731
0.1,80.0,0.08,plus,2,0,0.10518966368492387
0.1,80.0,0.08,plus,2,1,0.11291704896937739
0.1,80.0,0.08,plus,2,2,0.12368236685845235
0.1,80.0,0.04,minus,0,0,-8.040574356799095e-06
0.1,80.0,0.04,minus,0,1,0.1017562466136352
0.1,80.0,0.04,minus,0,2,0.1070125709266272
0.1,80.0,0.04,minus,1,0,0.10314497073238532
0.1,80.0,0.04,minus,1,1,0.10924160010654964
0.1,80.0,0.04,minus,1,2,0.11825183233237173
0.1,80.0,0.04,minus,2,0,0.1051900829001059
0.1,80.0,0.04,minus,2,1,0.11292291871270163
0.1,80.0,0.04,minus,2,2,0.12371654575340732
0.1,80.0,0.04,plus,0,0,-0.38012697448496824
0.1,80.0,0.04,plus,0,1,0.10138602337799096
0.1,80.0,0.04,plus,0,2,0.10566296367663558
0.1,80.0,0.04,plus,1,0,-1.5950726019035264e-05
0.1,80.0,0.04,plus,1,1,0.10316811614759197
0.1,80.0,0.04,plus,1,2,0.1094246162519126
0.1,80.0,0.04,plus,2,0,0.10518966760726087
0.1,80.0,0.04,plus,2,1,0.11291708472645748
0.1,80.0,0.04,plus,2,2,0.12368250904076336
0.1,80.0,0.02,minus,0,0,-2.0100267202408222e-06
0.1,80.0,0.02,minus,0,1,0.10175625778625366
0.1,80.0,0.02,minus,0,2,0.10701261845823179
0.1,80.0,0.02,minus,1,0,0.10314497149937568
0.1,80.0,0.02,minus,1,1,0.10924160783449022
0.1,80.0,0.02,minus,1,2,0.11825186538579971
0.1,80.0,0.02,minus,2,0,0.10519008387778173
0.1,80.0,0.02,minus,2,1,0.11292292763970718
0.1,80.0,0.02,minus,2,2,0.12371658135796518
0.1,80.0,0.02,plus,0,0,-0.3801112193685193
0.1,80.0,0.02,plus,0,1,0.10138616563915669
0.1,80.0,0.02,plus,0,2,0.10566342018916043
0.1,80.0,0.02,plus,1,0,-3.987498843123247e-06
0.1,80.0,0.02,plus,1,1,0.1031681194215678
0.1,80.0,0.02,plus,1,2,0.10942464168322606
0.1,80.0,0.02,plus,2,0,0.10518966858835738
0.1,80.0,0.02,plus,2,1,0.11291709366409586
0.1,80.0,0.02,plus,2,2,0.12368254458527142
0.1,120.0,0.08,minus,0,0,-3.216977218152735e-05
0.1,120.0,0.08,minus,0,1,0.10074690015454821
0.1,120.0,0.08,minus,0,2,0.10298609100853737
0.1,120.0,0.08,minus,1,0,0.10140083891679758
0.1,120.0,0.08,minus,1,1,0.10413341565673259
0.1,120.0,0.08,minus,1,2,0.10821350746604017
0.1,120.0,0.08,minus,2,0,0.10230675846281738
0.1,120.0,0.08,minus,2,1,0.10574425919486906
0.1,120.0,0.08,minus,2,2,0.11054472959533086
0.1,120.0,0.08,plus,0,0,-0.38019000796941904
0.1,120.0,0.08,plus,0,1,0.10063571752261842
0.1,120.0,0.08,plus,0,2,0.10256254508974441
0.1,120.0,0.08,plus,1,0,-6.381457149676392e-05
0.1,120.0,0.08,plus,1,1,0.10140395026953726
0.1,120.0,0.08,plus,1,2,0.10415888677838635
0.1,120.0,0.08,plus,2,0,0.10230673376395388
0.1,120.0,0.08,plus,2,1,0.10574390563109431
0.1,120.0,0.08,plus,2,2,0.11054262900496598
0.1,120.0,0.04,minus,0,0,-8.040574435429131e-06
0.1,120.0,0.04,minus,0,1,0.10074691247544665
0.1,120.0,0.04,minus,0,2,0.10298614257879805
0.1,120.0,0.04,minus,1,0,0.10140083948238304
0.1,120.0,0.04,minus,1,1,0.10413342140628472
0.1,120.0,0.04,minus,1,2,0.10821353204460804
0.1,120.0,0.04,minus,2,0,0.10230675923607606
0.1,120.0,0.04,minus,2,1,0.10574426625739354
0.1,120.0,0.04,minus,2,2,0.11054475780310287
0.1,120.0,0.04,plus,0,0,-0.380126974484718
0.1,120.0,0.04,plus,0,1,0.10063590439542738
0.1,120.0,0.04,plus,0,2,0.10256320648018605
0.1,120.0,0.04,plus,1,0,-1.5950725870369123e-05
0.1,120.0,0.04,plus,1,1,0.10140395222806031
0.1,120.0,0.04,plus,1,2,0.10415890330547072
0.1,120.0,0.04,plus,2,0,0.10230673453842673
0.1,120.0,0.04,plus,2,1,0.10574391269965486
0.1,120.0,0.04,plus,2,2,0.1105426572318641
0.1,120.0,0.02,minus,0,0,-2.0100271098319263e-06
0.1,120.0,0.02,minus,0,1,0.10074691555567516
0.1,120.0,0.02,minus,0,2,0.10298615546950082
0.1,120.0,0.02,minus,1,0,0.10140083962465166
0.1,120.0,0.02,minus,1,1,0.10413342284425571
0.1,120.0,0.02,minus,1,2,0.10821353819019919
0.1,120.0,0.02,minus,2,0,0.10230675942873126
0.1,120.0,0.02,minus,2,1,0.10574426802141836
0.1,120.0,0.02,minus,2,2,0.11054476485525211
0.1,120.0,0.02,plus,0,0,-0.38011121936768155
0.1,120.0,0.02,plus,0,1,0.10063595099535036
0.1,120.0,0.02,plus,0,2,0.10256337145120964
0.1,120.0,0.02,plus,1,0,-3.987499743229786e-06
0.1,120.0,0.02,plus,1,1,0.10140395271770455
0.1,120.0,0.02,plus,1,2,0.10415890743865991
0.1,120.0,0.02,plus,2,0,0.10230673473401278
0.1,120.0,0.02,plus,2,1,0.10574391446554826
0.1,120.0,0.02,plus,2,2,0.11054266428792642
0.3,80.0,0.08,minus,0,0,-6.833609216385121e-05
0.3,80.0,0.08,minus,0,1,0.3016760557052769
0.3,80.0,0.08,minus,0,2,0.3067009519757088
0.3,80.0,0.08,minus,1,0,0.3030730770612431
0.3,80.0,0.08,minus,1,1,0.30819111151874506
0.3,80.0,0.08,minus,1,2,0.3133084800006039
0.3,80.0,0.08,minus,2,0,0.3051901286950126
0.3,80.0,0.08,minus,2,1,0.31292348678773463
0.3,80.0,0.08,minus,2,2,0.3237192087722819
0.3,80.0,0.08,plus,0,0,-0.38329661481401744
0.3,80.0,0.08,plus,0,1,0.3009419705465763
0.3,80.0,0.08,plus,0,2,0.304521304509004
0.3,80.0,0.08,plus,1,0,-0.00010799102057139659
0.3,80.0,0.08,plus,1,1,0.30315998831133906
0.3,80.0,0.08,plus,1,2,0.30936606361799746
0.3,80.0,0.08,plus,2,0,0.30518936811472314
0.3,80.0,0.08,plus,2,1,0.3129112400719246
0.3,80.0,0.08,plus,2,2,0.32363019918945757
0.3,80.0,0.04,minus,0,0,-1.7081172331185954e-05
0.3,80.0,0.04,minus,0,1,0.3016761045231763
0.3,80.0,0.04,minus,0,2,0.30670116135900893
0.3,80.0,0.04,minus,1,0,0.3030732459453353
0.3,80.0,0.04,minus,1,1,0.3081944019310981
0.3,80.0,0.04,minus,1,2,0.31331737362268813
0.3,80.0,0.04,minus,2,0,0.30519013261142347
0.3,80.0,0.04,minus,2,1,0.31292352253270006
0.3,80.0,0.04,minus,2,2,0.3237193513991925
0.3,80.0,0.04,plus,0,0,-0.3832387252369406
0.3,80.0,0.04,plus,0,1,0.30094655861623354
0.3,80.0,0.04,plus,0,2,0.3045298555474324
0.3,80.0,0.04,plus,1,0,-2.6994181336695306e-05
0.3,80.0,0.04,plus,1,1,0.3031599956441015
0.3,80.0,0.04,plus,1,2,0.30936612764522153
0.3,80.0,0.04,plus,2,0,0.305189372433665
0.3,80.0,0.04,plus,2,1,0.31291128306858845
0.3,80.0,0.04,plus,2,2,0.32363040683480887
0.3,80.0,0.02,minus,0,0,-4.270114791821696e-06
0.3,80.0,0.02,minus,0,1,0.3016761167204063
0.3,80.0,0.02,minus,0,2,0.30670121367746783
0.3,80.0,0.02,minus,1,0,0.3030732880514531
0.3,80.0,0.02,minus,1,1,0.30819522191882087
0.3,80.0,0.02,minus,1,2,0.3133195956793762
0.3,80.0,0.02,minus,2,0,0.30519013359143493
0.3,80.0,0.02,minus,2,1,0.3129235314708584
0.3,80.0,0.02,minus,2,2,0.3237193870572398
0.3,80.0,0.02,plus,0,0,-0.38322425442591046
0.3,80.0,0.02,plus,0,1,0.30094769757132567
0.3,80.0,0.02,plus,0,2,0.3045319861402468
0.3,80.0,0.02,plus,1,0,-6.748322442166133e-06
0.3,80.0,0.02,plus,1,1,0.3031599974770456
0.3,80.0,0.02,plus,1,2,0.30936614364927795
0.3,80.0,0.02,plus,2,0,0.305189373512578
0.3,80.0,0.02,plus,2,1,0.31291129381644817
0.3,80.0,0.02,plus,2,2,0.3236304587238341
0.3,120.0,0.08,minus,0,0,-6.833609223187104e-05
0.3,120.0,0.08,minus,0,1,0.300724282826426
0.3,120.0,0.08,minus,0,2,0.3028967252188615
0.3,120.0,0.08,minus,1,0,0.301392666107136
0.3,120.0,0.08,minus,1,1,0.3040430211181224
0.3,120.0,0.08,minus,1,2,0.30766218622883723
0.3,120.0,0.08,minus,2,0,0.3023067615736733
0.3,120.0,0.08,minus,2,1,0.305744301089204
0.3,120.0,0.08,minus,2,2,0.31054495718906505
0.3,120.0,0.08,plus,0,0,-0.38329661481400756
0.3,120.0,0.08,plus,0,1,0.30046732090555817
0.3,120.0,0.08,plus,0,2,0.30207111767654893
0.3,120.0,0.08,plus,1,0,-0.0001079910205016243
0.3,120.0,0.08,plus,1,1,0.3014028296884126
0.3,120.0,0.08,plus,1,2,0.30415012059936397
0.3,120.0,0.08,plus,2,0,0.3023067184461252
0.3,120.0,0.08,plus,2,1,0.30574364745636584
0.3,120.0,0.08,plus,2,2,0.31054073418511896
0.3,120.0,0.04,minus,0,0,-1.7081172084719438e-05
0.3,120.0,0.04,minus,0,1,0.30072429657458366
0.3,120.0,0.04,minus,0,2,0.3028967828176291
0.3,120.0,0.04,minus,1,0,0.3013926834433935
0.3,120.0,0.04,minus,1,1,0.3040432567500022
0.3,120.0,0.04,minus,1,2,0.30766406482811237
0.3,120.0,0.04,minus,2,0,0.3023067623475987
0.3,120.0,0.04,minus,2,1,0.3057443081530412
0.3,120.0,0.04,minus,2,2,0.31054498540981434
0.3,120.0,0.04,plus,0,0,-0.3832387252371187
0.3,120.0,0.04,plus,0,1,0.30046937212516167
0.3,120.0,0.04,plus,0,2,0.3020757098413328
0.3,120.0,0.04,plus,1,0,-2.6994181600372184e-05
0.3,120.0,0.04,plus,1,1,0.30140283082929675
0.3,120.0,0.04,plus,1,2,0.30415013102648625
0.3,120.0,0.04,plus,2,0,0.30230671924151065
0.3,120.0,0.04,plus,2,1,0.30574365486755006
0.3,120.0,0.04,plus,2,2,0.3105407648042581
0.3,120.0,0.02,minus,0,0,-4.270115584022065e-06
0.3,120.0,0.02,minus,0,1,0.30072430001020334
0.3,120.0,0.02,minus,0,2,0.30289679721009766
0.3,120.0,0.02,minus,1,0,0.3013926877661345
0.3,120.0,0.02,minus,1,1,0.30404331548120217
0.3,120.0,0.02,minus,1,2,0.3076645327586657
0.3,120.0,0.02,minus,2,0,0.3023067625403295
0.3,120.0,0.02,minus,2,1,0.3057443099189001
0.3,120.0,0.02,minus,2,2,0.3105449924660707
0.3,120.0,0.02,plus,0,0,-0.3832242544246361
0.3,120.0,0.02,plus,0,1,0.30046988017576015
0.3,120.0,0.02,plus,0,2,0.3020768517339686
0.3,120.0,0.02,plus,1,0,-6.748322900151025e-06
0.3,120.0,0.02,plus,1,1,0.3014028311145299
0.3,120.0,0.02,plus,1,2,0.3041501336327097
0.3,120.0,0.02,plus,2,0,0.30230671944000764
0.3,120.0,0.02,plus,2,1,0.3057436567215507
0.3,120.0,0.02,plus,2,2,0.31054077245912093
