tag,omega,L,seed_nodes,nodes,tolerance,status,Q0,M,H,T,boundary,collocation_max,point_residual,identity1,identity2,rel_identity1,rel_identity2
branch_0.0100,0.01,160.0,1601,1656,1e-08,0,0.4212347542388186,221.2423304585244,1.7836929870940423,5.99417444219813,5.169878828456423e-26,9.39111083858579e-09,4.963970854607492e-09,-1.2467182841646718e-09,-9.358359420730267e-09,2.846000120184497e-12,7.121066663451613e-12
branch_0.0150,0.015,160.0,1601,1663,1e-08,0,0.5105898306967057,193.63145688382716,2.12066051986944,7.537698560829804,0.0,9.733741707069474e-09,8.899145685378353e-09,2.782968522296869e-09,-2.2790800358052365e-09,7.295686349339898e-12,1.9915727843864394e-12
branch_0.0200,0.02,160.0,1601,1688,1e-08,0,0.584606545498242,178.9583709633317,2.374058988403915,8.929839610625818,1.0097419586828951e-28,9.983277193971402e-09,1.0876625043228439e-08,4.246089702064637e-09,1.7599859347683378e-09,1.2105453828641607e-11,1.6725528637371452e-12
branch_0.0250,0.025,160.0,1601,1708,1e-08,0,0.6490545417515082,170.21692117612548,2.5689842624755066,10.236610937095858,0.0,9.994820369150933e-09,1.2029645888434144e-08,2.0016841517644934e-09,1.44427758641541e-09,6.030567854909288e-12,1.4504143054678724e-12
branch_0.0300,0.03,120.0,1201,1343,1e-08,0,0.7068857885606304,164.75703068404377,2.7180854989210363,11.491194626594202,8.077935669463161e-28,9.853815172397096e-09,1.2181291638095633e-08,3.0569822229153942e-09,5.1386450650170445e-09,9.564168678406224e-12,5.358974373711911e-12
branch_0.0350,0.035,120.0,1201,1352,1e-08,0,0.7598427339390537,161.33476974936642,2.8286274129077764,12.7130165264641,0.0,9.724418930589355e-09,1.1601282821516235e-08,3.773493517655879e-09,9.478583251620876e-09,1.2118763930654318e-11,1.0146982037221124e-11
branch_0.0400,0.04,120.0,1201,1357,1e-08,0,0.8090508648405801,159.2828777030375,2.905098635712765,13.914620610598153,0.0,9.703737353144385e-09,9.57029612714455e-09,2.9451996397256153e-09,1.0306507647328544e-08,9.63040201053826e-12,1.123362579902491e-11
branch_0.0450,0.045,120.0,1201,1375,1e-08,0,0.8552842015172294,158.20915709408249,2.950383639293177,15.104693564190496,0.0,9.840702769382121e-09,1.0315028145709985e-08,-9.542588941258145e-10,-2.8002773433399852e-09,3.1579207906264164e-12,3.088977948049013e-12
branch_0.0460,0.046,120.0,1201,1376,1e-08,0,0.8642257983418908,158.08837288648866,2.955876966988324,15.341913181163772,6.310887241768095e-30,9.957665127532599e-09,1.056794379833833e-08,-9.342784323962405e-10,-3.02713942801347e-09,3.097405202522095e-12,3.345283050522279e-12
branch_0.0465,0.0465,120.0,1201,1377,1e-08,0,0.8686616622069863,158.03839025380438,2.9581883808461082,15.460460292931627,0.0,9.959978505336123e-09,1.027698070844477e-08,-9.619895990908844e-10,-2.9192506190156564e-09,3.191957396168304e-12,3.228767966390432e-12
branch_0.0470,0.047,120.0,1201,1378,1e-08,0,0.8730748281419168,157.99511090094217,2.9602114149678815,15.578972442482803,6.310887241768095e-30,9.78032757513384e-09,1.0391884577581239e-08,-9.045209026226075e-10,-3.0291289476735983e-09,3.0036689358161633e-12,3.3529722738049426e-12
branch_0.0475,0.0475,120.0,1201,1378,1e-08,0,0.8774657246528056,157.95836615605103,2.961947335304613,15.697454593103911,0.0,9.898128613922098e-09,1.0505957130312129e-08,-9.13416897674324e-10,-3.056754849239951e-09,3.0355083270157908e-12,3.3861153003781894e-12
branch_0.0480,0.048,120.0,1201,1379,1e-08,0,0.8818347685655484,157.9279938256198,2.9633973519799746,15.81591158496499,6.310887241768095e-30,9.777636682855175e-09,1.0619206332739104e-08,-8.364509085367899e-10,-3.1008084988570772e-09,2.781726287544055e-12,3.4373806543352063e-12
branch_0.0485,0.0485,120.0,1201,1379,1e-08,0,0.8861823654304812,157.90383788984312,2.964562620028131,15.934348138086632,0.0,9.855779456040737e-09,1.0731639543797647e-08,-8.408278517890722e-10,-3.1166678127192426e-09,2.798179785702612e-12,3.457305738921706e-12
branch_0.0490,0.049,120.0,1201,1379,1e-08,0,0.8905089099572864,157.88574821025915,2.96544424219174,16.05276885830732,3.1554436208840472e-30,9.933325186961274e-09,1.0843265703067254e-08,-8.447784693998983e-10,-3.1312765713664703e-09,2.8131273589407855e-12,3.4757355963331376e-12
branch_0.0495,0.0495,120.0,1201,1381,1e-08,0,0.8948147863997288,157.8735802579973,2.966043270176403,16.171178240921382,3.1554436208840472e-30,9.664501280109814e-09,1.0479904553151433e-08,-7.806306712154765e-10,-3.0009914553374983e-09,2.6010819537142263e-12,3.33312751922351e-12
branch_0.0500,0.05,120.0,1201,1381,1e-08,0,0.8991003689235018,157.86719484667216,2.9663607062749584,16.289580674416573,0.0,9.76363923148466e-09,1.0580528630032209e-08,-7.824212389095919e-10,-3.007357918249909e-09,2.608525808409491e-12,3.3420917679492847e-12
branch_0.0505,0.0505,120.0,1201,1381,1e-08,0,0.9033660219818755,157.86645789942872,2.966397505242618,16.407980445251816,0.0,9.862072149199891e-09,1.0680347444549458e-08,-7.840128546376945e-10,-3.012303295690799e-09,2.6152207535483575e-12,3.3493660417591647e-12
branch_0.0510,0.051,120.0,1201,1381,1e-08,0,0.9076121006474501,157.87124020993102,2.9661545756384555,16.52638174102526,0.0,9.959810847298838e-09,1.0779370010004874e-08,-7.852349881432019e-10,-3.0157139008224476e-09,2.620598050693564e-12,3.3548233285929187e-12
branch_0.0515,0.0515,120.0,1201,1382,1e-08,0,0.9118389509433504,157.88141722578442,2.9656327814602754,16.644788654342452,0.0,9.735950386773343e-09,1.0877606150436784e-08,-6.69302835376584e-10,-2.9203874873928726e-09,2.2347261847024177e-12,3.250280761119029e-12
branch_0.0520,0.052,120.0,1201,1382,1e-08,0,0.9160469101535247,157.8968688413334,2.96483294302163,16.76320518561283,3.1554436208840472e-30,9.80212197152651e-09,1.0975065015635621e-08,-6.667448815278476e-10,-2.9127136258466635e-09,2.2271416486612242e-12,3.2431324216481445e-12
branch_0.0525,0.0525,120.0,1201,1382,1e-08,0,0.920236307127059,157.9174792024423,2.9637558390609406,16.881635247235625,1.5777218104420236e-30,9.867777525246483e-09,1.1071755407151704e-08,-6.639027105848072e-10,-2.9037892090855166e-09,2.2185285636112616e-12,3.2344795908395853e-12
branch_0.0530,0.053,120.0,1201,1382,1e-08,0,0.9244074625617195,157.9431365207569,2.962402207502688,17.000082666100862,1.5777218104420236e-30,9.951002901943696e-09,1.1167687072975625e-08,-6.60861587675754e-10,-2.8932163331774063e-09,2.2091732532336152e-12,3.223880390022325e-12
branch_0.0535,0.0535,120.0,1201,1383,1e-08,0,0.9285606892791373,157.97373289834852,2.960772746932655,17.11855118685778,0.0,9.997583688660902e-09,1.1262869522529651e-08,-5.281890480546281e-10,-2.7326905183144845e-09,1.7662570053353403e-12,3.0460266636030928e-12
branch_0.0540,0.054,120.0,1201,1384,1e-08,0,0.9326962924905507,158.0091641622134,2.958868117173626,17.237044474232125,0.0,9.727353747511205e-09,1.080264505431935e-08,-5.777280875918223e-10,-2.6648194761946797e-09,1.932502544739199e-12,2.9712769320761473e-12
branch_0.0545,0.0545,120.0,1201,1384,1e-08,0,0.9368145700386622,158.04932969993257,2.9566889415378803,17.355566116599636,0.0,9.807803127674511e-09,1.0887144264124882e-08,-5.731806140829576e-10,-2.646686425578082e-09,1.91781762824883e-12,2.9518687819700865e-12
branch_0.0550,0.055,120.0,1201,1384,1e-08,0,0.940915812653261,158.09413232048604,2.9542358068285814,17.474119627996618,1.5777218104420236e-30,9.887684379491166e-09,1.0970909588113589e-08,-5.684057668986497e-10,-2.6273028197465464e-09,1.902308375372063e-12,2.9309696521421795e-12
branch_0.0575,0.0575,120.0,1201,1385,1e-08,0,0.9611762071779714,158.38452167638428,2.9378788882465727,18.06748332810257,3.944304526105059e-31,9.849285707179952e-09,1.1379064843831854e-08,-3.923332769772969e-10,-2.2891413209435996e-09,1.314107983794836e-12,2.555802309256619e-12
branch_0.0600,0.06,120.0,1201,1387,1e-08,0,0.9810506232666933,158.7779931571405,2.9147419609831218,18.662132326555565,0.0,9.756972834698536e-09,1.1116514019137939e-08,-2.7566215976548847e-10,-1.876514943432994e-09,9.234831948084701e-13,2.0954756316495137e-12
branch_0.0650,0.065,120.0,1201,1388,1e-08,0,1.019756710611201,159.83932832260479,2.848264623031337,19.85673144654366,0.0,9.900815439132875e-09,1.1763771420982762e-08,-5.6274984672199935e-12,-1.0853682397282682e-09,1.8827390609574203e-14,1.2104047013455832e-12
branch_0.0700,0.07,120.0,1201,1390,1e-08,0,1.05723628732469,161.22032813728754,2.7549238269433367,21.060520194957956,0.0,9.941056750348187e-09,1.1548111844342939e-08,1.7487877812527586e-10,-2.5551116777933203e-10,5.831823414621194e-13,2.840245544043014e-13
branch_0.0800,0.08,120.0,1201,1393,1e-08,0,1.1291478815358482,164.78016054034777,2.4871214712603837,23.504301470832065,3.0814879110195774e-33,9.786482418078629e-09,1.1491388573229606e-08,6.531308827106841e-10,1.8004016055783723e-09,2.154157606662402e-12,1.979362746615323e-12
branch_0.1000,0.1,120.0,1201,1521,1e-08,0,1.263928274435966,174.41431695279303,1.6150662806155012,28.584746962917272,0.0,9.79378501180124e-09,1.0559545296061474e-08,7.395897227979731e-10,1.8497985365684144e-09,2.3557881400438527e-12,1.9640319128259956e-12
branch_0.1200,0.12,120.0,1201,1495,1e-08,0,1.390646019068539,186.73621647461093,0.2555580541214866,33.995856046067566,0.0,9.834141302386276e-09,9.233713864408195e-09,-2.8954616482224083e-09,1.0892335922108032e-09,8.810013905368507e-12,1.1047361076678774e-12
branch_0.1500,0.15,120.0,1201,1562,1e-08,0,1.5719970054834322,209.63282628883107,-2.84845177593521,42.894708253404225,4.70197740328915e-38,9.943384042895117e-09,9.425467681500496e-09,-3.6657183954957873e-09,-4.640014594770037e-09,1.0286103453941737e-11,4.340001513115431e-12
branch_0.2000,0.2,120.0,1201,1584,1e-08,0,1.8647322543291338,259.826112529724,-11.698491051635855,60.40009718053095,4.591774807899561e-41,9.885441437108529e-09,1.0460021954498083e-08,-1.042508301907219e-09,1.8648051991476677e-09,2.50770672104447e-12,1.495234945297266e-12
branch_0.3000,0.3,120.0,1201,1583,1e-08,0,2.4651049128948266,420.7235083795556,-52.73736865368636,110.21952578197505,0.0,9.95659870905158e-09,1.0626206185540274e-08,-1.936371063493425e-10,1.659111603657948e-08,3.2874849174395567e-13,9.389220341341833e-12
branch_0.4000,0.4,120.0,1201,1613,1e-08,0,3.1477054052116573,725.4502827666995,-161.07933417098383,193.65116838369443,4.276423536147513e-50,9.969121761450496e-09,1.0419886025136141e-08,6.603499969060067e-10,3.9699216358712874e-08,7.585518638013848e-13,1.5200986699485834e-11
branch_0.5000,0.5,120.0,1201,1613,1e-08,0,3.9896884003272395,1352.5468495338473,-447.2689124608336,343.5067684079411,1.044048714879764e-53,9.997718055884382e-09,8.910051212996943e-09,1.1156828350067372e-08,1.023879576678155e-07,8.248755563491587e-12,2.5233373049892192e-11
branch_0.6000,0.6,120.0,1201,1632,1e-08,0,5.112492299730511,2822.3540532346633,-1266.8613159125853,639.826673951706,0.0,9.930031863851296e-09,9.370001926956854e-09,1.6860440155141987e-08,1.812250047805719e-07,7.4673658216678e-12,2.6754410407868518e-11
branch_0.7000,0.7,120.0,1201,1660,1e-08,0,6.763769537197458,7045.445172717351,-4052.3302780850127,1319.2220140864465,1.9913648889155653e-59,9.994048827016204e-09,9.443723051536301e-09,2.303590918018017e-08,2.785045580822043e-07,5.449362109215009e-12,2.196096211008338e-11
branch_0.8000,0.8,120.0,1201,1693,1e-08,0,9.595549030843706,24416.027626598338,-17307.241701321404,3338.3705995880778,3.111507638930571e-61,9.976630894439975e-09,9.53087466061802e-09,5.66876678931294e-08,6.956524885026738e-07,5.804349990889381e-12,2.374302715976093e-11
branch_0.9000,0.9,120.0,1201,1690,1e-08,0,16.303276638423895,187884.1981610708,-159667.60449741516,14142.260770882634,0.0,9.91202920126816e-09,9.390628526590836e-09,9.125687938649207e-08,8.803763194009662e-07,2.4285405659297937e-12,7.809565040690253e-12
