tag,omega,L,seed_nodes,nodes,tolerance,status,Q0,M,H,T,boundary,collocation_max,point_residual,identity1,identity2,rel_identity1,rel_identity2,rel_M_to_ref,rel_H_to_ref
coarse_0.030,0.03,120.0,601,611,1e-06,0,0.7068857343604736,164.75699297656865,2.7180854743494987,11.49119372252287,8.077935669463161e-28,9.141213020188798e-07,8.951986584595136e-07,-3.5966388622910017e-07,-1.6541060858799028e-06,1.1252557639430674e-09,1.7250294693570353e-09,2.2963174186126492e-07,8.784959135204033e-09
medium_0.030,0.03,120.0,1201,1343,1e-08,0,0.7068857885606304,164.7570306840437,2.7180854989210648,11.491194626594202,8.077935669463161e-28,9.853815172397096e-09,1.2181291638095633e-08,3.0570106446248246e-09,5.138758751854766e-09,9.564257599441187e-12,5.359092935091861e-12,7.645738051385613e-10,2.5506779961793045e-10
fine_0.030,0.03,120.0,2401,3247,1e-10,0,0.7068857889537968,164.75703081001262,2.7180854982277705,11.491194633793105,0.0,9.991547144824468e-11,1.1473176094155868e-10,1.8474111129762605e-12,-1.8189894035458565e-12,5.779867268144012e-15,1.8969820777498444e-15,0.0,6.535323633338469e-16
domain80_0.030,0.03,80.0,1601,2447,1e-10,0,0.7068857889537968,164.75703080955614,2.7180854982120994,11.491194633777434,1.6543612251060553e-24,9.991547144824468e-11,1.1473176094155868e-10,-2.7483793019200675e-11,-5.860556484549306e-11,8.598664074325012e-14,6.111839131767575e-14,2.770631838395436e-12,5.764808976967864e-12
domain160_0.030,0.03,160.0,3201,4047,1e-10,0,0.7068857889537968,164.75703081001262,2.7180854982277687,11.491194633793103,0.0,9.991547144824468e-11,1.1473176094155868e-10,1.8189894035458565e-12,-1.8189894035458565e-12,5.690946233249489e-15,1.8969820777498444e-15,0.0,0.0
coarse_0.100,0.1,120.0,601,625,1e-06,0,1.2639281589416451,174.4143006902201,1.6150670080242442,28.58474358309731,9.62964972193618e-35,8.407189752043482e-07,1.0238013540193605e-06,1.3022090854519774e-06,4.064944107540214e-06,4.147879423040623e-09,4.315973065822966e-09,9.338433262529077e-08,4.5098413267690626e-07
medium_0.100,0.1,120.0,1201,1447,1e-08,0,1.2639282742716118,174.41431692492634,1.6150662794041786,28.584746956434092,0.0,9.991580977262944e-09,1.1389406510284834e-08,-5.466915808938211e-10,2.822275746439118e-09,1.7413567320409288e-12,2.9965639631027636e-12,3.030620137960625e-10,1.5528791146256868e-10
fine_0.100,0.1,120.0,2401,3877,1e-10,0,1.2639282745532496,174.41431697778467,1.6150662796549966,28.584746966149424,9.62964972193618e-35,9.991461306704362e-11,1.1498268785013946e-10,-4.547473508864641e-12,1.5347723092418164e-12,1.448490132787259e-14,1.62955139938564e-15,1.6295513993856425e-16,1.099866217118797e-14
domain80_0.100,0.1,80.0,1601,3077,1e-10,0,1.2639282745532496,174.4143169777847,1.6150662796549788,28.584746966149435,5.048709793414476e-29,9.991461306704362e-11,1.1498268785013946e-10,-4.575895218295045e-12,1.4779288903810084e-12,1.457543196117179e-14,1.5691976438528384e-15,0.0,0.0
domain160_0.100,0.1,160.0,3201,4677,1e-10,0,1.2639282745532496,174.4143169777847,1.6150662796549788,28.584746966149435,1.8367099231598242e-40,9.991461306704362e-11,1.1498268785013946e-10,-4.575895218295045e-12,1.4779288903810084e-12,1.457543196117179e-14,1.5691976438528384e-15,0.0,0.0
coarse_0.500,0.5,120.0,601,670,1e-06,0,3.9896882953521384,1352.546804228029,-447.26888972697066,343.50675311418024,0.0,9.9584169861006e-07,9.451451073915384e-07,4.825639962291461e-06,3.093277109655901e-05,3.5678173428007255e-09,7.62333960497162e-09,3.3595477424369926e-08,5.097663945804167e-08
medium_0.500,0.5,120.0,1201,1613,1e-08,0,3.98968840032724,1352.5468495338473,-447.2689124608336,343.5067684079411,1.044048714879764e-53,9.997718055884382e-09,8.910051212996943e-09,1.1156828350067372e-08,1.023879576678155e-07,8.248755563491587e-12,2.5233373049892192e-11,9.880535951461777e-11,1.4846364827673654e-10
fine_0.500,0.5,120.0,2401,4891,1e-10,0,3.989688400673971,1352.5468496674862,-447.26891252723675,343.50676845969707,0.0,9.99303980297355e-11,1.0152172799664182e-10,1.2221335055073723e-11,1.248281478183344e-10,9.035794255909242e-15,3.0763727420118235e-14,0.0,0.0
domain80_0.500,0.5,80.0,1601,4091,1e-10,0,3.989688400673971,1352.5468496674862,-447.26891252723675,343.50676845969707,2.2958874039497803e-41,9.99303980297355e-11,1.0152172799664182e-10,1.2164491636212915e-11,1.248281478183344e-10,8.993767305881758e-15,3.0763727420118235e-14,0.0,0.0
domain160_0.500,0.5,160.0,3201,5691,1e-10,0,3.989688400673971,1352.5468496674862,-447.26891252723675,343.50676845969707,0.0,9.99303980297355e-11,1.0152172799664182e-10,1.2164491636212915e-11,1.248281478183344e-10,8.993767305881758e-15,3.0763727420118235e-14,0.0,0.0
