t,N,H,phase_aligned_L2,phase_aligned_H1,rms_radius,peak,relative_N_drift,relative_H_drift
0.0,174.41431695245748,1.619806316792451,0.01407763851235012,0.01627684941694318,4.026329030666809,1.5170877581527606,0.0,0.0
1.0,174.41431695245487,1.6198047689425625,0.013725204684147658,0.015639896856532706,4.025601341338163,1.532549430151761,-1.4991872876524924e-14,-9.555771405735812e-07
2.0,174.41431695245228,1.6198018733519615,0.012945286064788083,0.014334150317035946,4.023571533593447,1.5489369200638776,-2.982079061308762e-14,-2.7431924690559833e-06
3.0,174.41431695244964,1.6197999293582037,0.012109666035693108,0.01305666259747389,4.020544801420933,1.561975083950394,-4.4975618629574775e-14,-3.943332101550142e-06
4.0,174.41431695244697,1.6197987880472673,0.011385816305374242,0.012030638285521334,4.016804819397231,1.5715159825946172,-6.029340178602415e-14,-4.64792926517004e-06
5.0,174.41431695244447,1.6197981047688164,0.010817893971344623,0.011273034750403187,4.0125708041957875,1.5786095211369247,-7.463345410270016e-14,-5.0697565193588824e-06
6.0,174.41431695244174,1.6197976442985373,0.010402038193880823,0.010742553516802627,4.008005368722751,1.584123867971578,-9.0277147539074e-14,-5.3540314195393445e-06
7.0,174.41431695243904,1.6197972910064147,0.010119513340948528,0.01039172522837228,4.003231506631311,1.5886013478226182,-1.057578858354856e-13,-5.572139053152893e-06
8.0,174.41431695243645,1.619796994380579,0.009948696974491253,0.010180133387769038,3.998346122692268,1.5923653471694676,-1.205868035720483e-13,-5.755263314736948e-06
9.0,174.4143169524339,1.619796732837915,0.009868873712867706,0.01007549227789038,3.9934288032838845,1.5956099875699763,-1.3525276616864877e-13,-5.916728708012252e-06
10.0,174.4143169524313,1.6197964969963252,0.009861267124822153,0.010052087582367452,3.9885471561563826,1.5984540240543355,-1.5008168390521149e-13,-6.062327343705901e-06
11.0,174.41431695242863,1.6197962826562273,0.009909229965963575,0.010089172918001911,3.9837600116339233,1.6009715323586062,-1.6539946706166086e-13,-6.194651866502621e-06
12.0,174.41431695242593,1.6197960878917879,0.00999819787994322,0.010169791783998065,3.979119341334099,1.6032094909092647,-1.8088020535807246e-13,-6.314891204654335e-06
13.0,174.41431695242326,1.6197959118165755,0.010115575236342985,0.01027997230105605,3.9746714102310547,1.6051981020163784,-1.9619798851452184e-13,-6.423592603448061e-06
14.0,174.41431695242053,1.6197957540358892,0.010250595376649744,0.010408171155050371,3.970457466648553,1.6069570273593334,-2.1184168195089566e-13,-6.520999734571279e-06
15.0,174.4143169524179,1.6197956143882823,0.01039416852893284,0.01054487288383731,3.966514151458775,1.608499264257026,-2.2699650996738284e-13,-6.607212268356276e-06
16.0,174.4143169524153,1.6197954928137777,0.010538726305829759,0.010682287146471412,3.962873736563096,1.6098336417398287,-2.418254277039455e-13,-6.682267232289484e-06
17.0,174.41431695241275,1.61979538928043,0.010678070663953126,0.0108141113772981,3.9595642612244824,1.610966432503368,-2.5649139030054597e-13,-6.746184347934456e-06
18.0,174.4143169524101,1.6197953037397155,0.010807233246218085,0.010935340169485577,3.956609610145969,1.6119024831989373,-2.7164621831703315e-13,-6.798993571867544e-06
19.0,174.41431695240743,1.6197952360972878,0.010922348462752727,0.011042109904158612,3.9540295621390626,1.6126459503277082,-2.869640014734825e-13,-6.84075314951449e-06
20.0,174.41431695240473,1.619795186192998,0.011020541304650907,0.011131570719239236,3.951839828761603,1.6132008122319084,-3.0244473976989415e-13,-6.871561950106456e-06
21.0,174.414316952402,1.619795153787114,0.011099829138718485,0.011201779766482282,3.950052096141235,1.6135712653730208,-3.18088433206268e-13,-6.891567974061474e-06
22.0,174.41431695239945,1.6197951385508524,0.011159035643654298,0.011251610782341416,3.9486740790274055,1.6137619544571904,-3.3275439580286844e-13,-6.9009741983907484e-06
23.0,174.41431695239686,1.619795140060538,0.011197714485976378,0.011280675725217832,3.9477095931693786,1.6137781582392616,-3.475833135394311e-13,-6.900042182339149e-06
24.0,174.41431695239413,1.6197951577946157,0.011216080125984143,0.011289254782114927,3.9471586499508193,1.6136258913217365,-3.63227006975805e-13,-6.8890939118095215e-06
25.0,174.41431695239152,1.6197951911331625,0.011214943145119234,0.011278231487946407,3.947017575556209,1.613311981690549,-3.782188798523299e-13,-6.868512101214964e-06
26.0,174.41431695238884,1.6197952393595854,0.011195647597591563,0.011249030060226366,3.9472791556403726,1.6128440903835881,-3.935366630087793e-13,-6.8387391448094865e-06
27.0,174.41431695238623,1.6197953016640536,0.011160008058008427,0.011203552355175752,3.9479328054238425,1.612230709608482,-4.085285358853042e-13,-6.800274997827605e-06
28.0,174.41431695238364,1.6197953771487303,0.011110244248119582,0.011144112131178314,3.948964764285419,1.611481147658891,-4.233574536218669e-13,-6.753673946856932e-06
29.0,174.4143169523809,1.6197954648342048,0.011048911394802451,0.0110733646076645,3.95035831323397,1.6106054745996043,-4.3916410219820296e-13,-6.6995406387398395e-06
30.0,174.4143169523783,1.619795563667207,0.010978824835008229,0.010994229690189228,3.9520940130918785,1.6096144652770787,-4.539930199347657e-13,-6.638525317832589e-06
31.0,174.41431695237563,1.619795672529296,0.01090297789104369,0.01090980776186776,3.954149960798193,1.608519530968093,-4.69310803091215e-13,-6.571318462438605e-06
32.0,174.414316952373,1.619795790246169,0.010824452740330365,0.010823287680545654,3.9565020609291346,1.6073326250035231,-4.843026759677399e-13,-6.498645037277991e-06
33.0,174.41431695237046,1.6197959155976795,0.010746324928607399,0.010737847612033814,3.9591243093278843,1.6060661647871042,-4.989686385643404e-13,-6.421258309491252e-06
34.0,174.41431695236787,1.6197960473282749,0.010671563314761351,0.01065655056840793,3.9619890856252917,1.604732928232651,-5.137975563009031e-13,-6.339933404189214e-06
35.0,174.4143169523652,1.6197961841575024,0.010602928516140338,0.010582237930369102,3.9650674514087596,1.603345948252801,-5.291153394573525e-13,-6.255460818741554e-06
36.0,174.41431695236255,1.6197963247907774,0.010542874194548071,0.010517425647304235,3.96832945084767,1.601918416155813,-5.442701674738396e-13,-6.1686397750356504e-06
37.0,174.4143169523599,1.6197964679300718,0.010493456561599505,0.010464208975389548,3.971744410699833,1.60046357939875,-5.594249954903268e-13,-6.080271620810407e-06
38.0,174.4143169523572,1.6197966122843095,0.010456258026455072,0.01042418223390562,3.975281236792908,1.5989946335972567,-5.749057337867385e-13,-5.991153411936954e-06
39.0,174.41431695235468,1.6197967565795919,0.010432330725352556,0.010398379863487746,3.9789087042865456,1.597524608072636,-5.894087412433767e-13,-5.902071599566272e-06
40.0,174.41431695235204,1.6197968995690475,0.01042216463612136,0.010387243913518406,3.9825957392637825,1.596066295137885,-6.045635692598638e-13,-5.8137959494919726e-06
41.0,174.41431695234937,1.6197970400421804,0.010425683144254797,0.010390621030999593,3.9863116894633084,1.5946321249822584,-6.198813524163132e-13,-5.727073770767718e-06
42.0,174.41431695234664,1.6197971768336414,0.010442266540001521,0.010407789360758531,3.990026582238089,1.5932340943915553,-6.35525045852687e-13,-5.64262450073514e-06
43.0,174.41431695234397,1.6197973088315958,0.010470801389198045,0.01043751295959091,3.9937113681010072,1.5918836686007196,-6.508428290091364e-13,-5.5611345392649435e-06
44.0,174.41431695234144,1.6197974349852462,0.010509751481827352,0.010478118885209694,3.9973381484876365,1.5905917060063026,-6.653458364657746e-13,-5.4832526041798176e-06
45.0,174.41431695233865,1.6197975543119487,0.010557244491609448,0.010527590456640935,4.000880386622963,1.589368383212904,-6.813154401820729e-13,-5.409585338357994e-06
46.0,174.414316952336,1.6197976659034168,0.010611167774814124,0.010583669502137422,4.004313100618016,1.5882231249101892,-6.9647026819856e-13,-5.340693479554143e-06
47.0,174.4143169523334,1.6197977689314038,0.01066926688972517,0.01064396068328435,4.007613038140108,1.5871645406130988,-7.11462141075085e-13,-5.277088352223442e-06
48.0,174.4143169523307,1.6197978626526732,0.010729241252711031,0.010706031990163676,4.010758832194128,1.5862003789164547,-7.269428793714966e-13,-5.219228799238453e-06
49.0,174.41431695232794,1.6197979464131969,0.0107888325928746,0.01076750692733162,4.013731137721173,1.5853374730357142,-7.427495279478327e-13,-5.1675185899623265e-06
50.0,174.4143169523254,1.6197980196517177,0.010845903246324595,0.010826145440905677,4.016512748864384,1.5845816975696916,-7.572525354044709e-13,-5.1223042207848e-06
51.0,174.41431695232285,1.6197980819026645,0.010898502618683298,0.010879912030409439,4.019088696871357,1.5839379424867892,-7.719184980010713e-13,-5.083873115660438e-06
52.0,174.4143169523201,1.6197981327983217,0.010944921199001333,0.010927030600639693,4.021446328699595,1.5834100843898054,-7.877251465774075e-13,-5.052452286690565e-06
53.0,174.41431695231745,1.6197981720703118,0.010983732270611085,0.01096602638680493,4.02357536646863,1.5830009800298104,-8.028799745938946e-13,-5.028207418833706e-06
54.0,174.4143169523148,1.6197981995504744,0.011013821939050643,0.010995755746875164,4.0254679479626905,1.5827124395579641,-8.180348026103817e-13,-5.011242327202056e-06
55.0,174.41431695231216,1.6197982151710888,0.011034408327381586,0.011015424813917428,4.027118648434268,1.5825451992544777,-8.331896306268689e-13,-5.0015988197063625e-06
56.0,174.4143169523095,1.6197982189643585,0.01104505083549533,0.011024598008433445,4.028524483995419,1.582499038326042,-8.485074137833183e-13,-4.999257015220836e-06
57.0,174.41431695230685,1.6197982110612636,0.011045650284657232,0.011023197295415722,4.029684896913362,1.5825726052154034,-8.636622417998054e-13,-5.004136052154627e-06
58.0,174.41431695230426,1.6197981916899313,0.011036440627512899,0.011011492892848569,4.030601723153779,1.5827635980609998,-8.784911595363682e-13,-5.016095094488996e-06
59.0,174.4143169523017,1.61979816117307,0.011017972743728378,0.010990085946472335,4.031279142542371,1.583068718095156,-8.931571221329686e-13,-5.0349349156107205e-06
60.0,174.414316952299,1.619798119925007,0.01099109070019954,0.010959883518632274,4.031723611946066,1.5834837424935437,-9.086378604293803e-13,-5.060399727383351e-06
61.0,174.41431695229633,1.6197980684479256,0.010956900763106936,0.01092206612860685,4.0319437819125445,1.584003491218175,-9.239556435858296e-13,-5.092179503121154e-06
62.0,174.41431695229377,1.61979800732761,0.01091673343232751,0.010878048054418618,4.031950397253266,1.584621963558638,-9.3862160618243e-13,-5.129912604334467e-06
63.0,174.41431695229116,1.6197979372283904,0.010872098847091432,0.010829430683773077,4.031756182112656,1.585332365701389,-9.53613479058955e-13,-5.173188901514839e-06
64.0,174.4143169522885,1.6197978588876552,0.010824636099113747,0.010777949400437803,4.031375710136517,1.58612707312371,-9.689312622154043e-13,-5.221553162365115e-06
65.0,174.41431695228596,1.6197977731095494,0.010776057289848491,0.010725414818209898,4.030825260436827,1.5869978021344562,-9.834342696720427e-13,-5.274508941608756e-06
66.0,174.41431695228337,1.619797680758273,0.01072808757164535,0.010673649618278672,4.030122660148159,1.5879356018773052,-9.982631874086053e-13,-5.331522718778622e-06
67.0,174.41431695228067,1.619797582750839,0.010682402888701101,0.010624422776418743,4.029287114482986,1.5889312848837287,-1.013743925705017e-12,-5.392028368701233e-06
68.0,174.41431695227806,1.6197974800492116,0.01064056763039059,0.01057938352650617,4.02833902531758,1.5899751929674515,-1.0287357985815419e-12,-5.455432015396488e-06
69.0,174.41431695227547,1.6197973736512565,0.010603974852905613,0.01053999791440577,4.027299799475679,1.5910561768421199,-1.0435647163181045e-12,-5.521117618675104e-06
70.0,174.41431695227277,1.6197972645838508,0.010573792027259202,0.010507491152850762,4.026191648020742,1.5921650669042806,-1.0590454546145161e-12,-5.5884512280349685e-06
71.0,174.41431695227016,1.6197971538913807,0.010550915344755586,0.010482799084017646,4.025037378016204,1.5932903427962397,-1.074037327491041e-12,-5.656788083454869e-06
72.0,174.41431695226748,1.6197970426277757,0.010535935389444778,0.010466531832835165,4.023860178362898,1.5944210279622475,-1.0893551106474904e-12,-5.725477533448095e-06
73.0,174.4143169522648,1.619796931847237,0.010529116444202858,0.010458952133948356,4.022683401468932,1.595546984290025,-1.1046728938039398e-12,-5.793868758740838e-06
74.0,174.41431695226208,1.6197968225934465,0.010530390864972554,0.010459969895804134,4.0215303426452005,1.5966575819727113,-1.1203165872403136e-12,-5.8613174341326916e-06
75.0,174.4143169522595,1.6197967158902435,0.010539368923441372,0.010469153416177887,4.020424019243805,1.5977423541858367,-1.1351455049768764e-12,-5.927191484526156e-06
76.0,174.41431695225683,1.619796612731953,0.010555363413500269,0.010485756435566674,4.019386951661784,1.5987912245508722,-1.1504632881333257e-12,-5.9908770557620205e-06
77.0,174.41431695225418,1.619796514073892,0.01057742728895124,0.010508759082774197,4.01844094841351,1.5997943135045027,-1.1656181161498128e-12,-6.051784375378719e-06
78.0,174.4143169522515,1.6197964208234745,0.010604401780513212,0.010536919876607704,4.017606897526588,1.600742401413242,-1.1809358993062623e-12,-6.109353244212674e-06
79.0,174.414316952249,1.6197963338302932,0.010634971917642112,0.010568835398113246,4.016904566534239,1.6016275595172667,-1.1952759516229383e-12,-6.163059159804777e-06
80.0,174.41431695224625,1.6197962538804647,0.010667726185572114,0.010603004068659869,4.016352413317733,1.6024402798527266,-1.2110826001992744e-12,-6.212416806892879e-06
81.0,174.4143169522436,1.6197961816841713,0.010701217154335719,0.010637890622234735,4.015967409992891,1.6031761478762272,-1.2262374282157615e-12,-6.2569877488873665e-06
82.0,174.41431695224097,1.6197961178776281,0.010734020258305617,0.010671988275968197,4.015764881934273,1.6038246232940048,-1.2413922562322486e-12,-6.296379213470943e-06
83.0,174.41431695223835,1.6197960629984238,0.01076478838975246,0.01070387615255928,4.015758363886498,1.6043863606442497,-1.2563841291087736e-12,-6.33025931612464e-06
84.0,174.41431695223574,1.6197960175185055,0.010792300517739764,0.010732270123650802,4.015959474930769,1.6048486631009093,-1.2713760019852986e-12,-6.358336696614128e-06
85.0,174.414316952233,1.6197959817836256,0.010815503070089752,0.010756065843586847,4.01637781384895,1.6052138228614379,-1.2870196954216724e-12,-6.3803979020641595e-06
86.0,174.4143169522304,1.6197959560478195,0.010833543284051617,0.010774373184142552,4.017020876174888,1.605481419788924,-1.3020115682981973e-12,-6.396286101712498e-06
87.0,174.41431695222778,1.6197959404921038,0.010845794105079522,0.010786541732795394,4.0178939939344485,1.6056438634660761,-1.3170034411747221e-12,-6.405889543459363e-06
88.0,174.4143169522251,1.6197959351819182,0.010851870494775614,0.010792177299335525,4.019000298764151,1.6056999147498379,-1.3323212243311716e-12,-6.40916782776379e-06
89.0,174.41431695222246,1.6197959400678847,0.010851637204461423,0.01079114950921655,4.020340708777804,1.6056523502090578,-1.3474760523476587e-12,-6.406151438415502e-06
90.0,174.41431695221982,1.6197959550032097,0.01084520820182316,0.010783590709437104,4.021913939211356,1.605503733213207,-1.3626308803641458e-12,-6.396930999637157e-06
91.0,174.4143169522172,1.6197959797476555,0.010832938031758138,0.010769886513151064,4.023716536543193,1.6052565832530195,-1.3776227532406708e-12,-6.381654823980134e-06
92.0,174.4143169522145,1.6197960139656478,0.010815405468204387,0.010750658345686762,4.025742935459429,1.6049144753401807,-1.3931034915370824e-12,-6.360530080939721e-06
93.0,174.4143169522119,1.6197960572293395,0.010793389898768812,0.010726738425985746,4.027985537720983,1.6044822301261705,-1.4080953644136074e-12,-6.333820905100781e-06
94.0,174.41431695220933,1.6197961090341932,0.010767840997161032,0.01069913772502884,4.03043481169899,1.603964452037635,-1.4227613270102079e-12,-6.301838776618466e-06
95.0,174.41431695220675,1.6197961688246476,0.010739842393719902,0.010669007606038713,4.03307941108179,1.603362982594317,-1.4375902447467705e-12,-6.264926675618808e-06
96.0,174.414316952204,1.6197962359813722,0.010710570261453549,0.010637596112712666,4.035906311030619,1.6026794431407154,-1.4533968933231066e-12,-6.223466950508743e-06
97.0,174.4143169522014,1.6197963097305275,0.010681247986089293,0.010606200116325584,4.03890095987451,1.6019278791156777,-1.4682258110596692e-12,-6.177937337207065e-06
98.0,174.41431695219873,1.6197963891851868,0.01065309835460009,0.010576114631076416,4.042047444265414,1.6011312933494406,-1.4835435942161187e-12,-6.128885386691332e-06
99.0,174.41431695219606,1.6197964736400021,0.010627294976343503,0.010548581174937304,4.045328665635562,1.6002825355120094,-1.498861377372568e-12,-6.076746551024497e-06
100.0,174.41431695219333,1.6197965623440038,0.010604914913831729,0.0105247376177138,4.048726525695045,1.5993724854105662,-1.5145050708089418e-12,-6.021984447197712e-06
