label,omega,L,n,dr,dt,delta,T,max_L2,max_H1,final_L2,final_H1,max_abs_rms_change,final_rms_change,max_N_drift,max_H_drift
unstable_control,0.03,320.0,4095,0.078125,0.02,0.0,100.0,0.0006679266637424423,0.000704384099675818,0.0006679266637424423,0.000704384099675818,0.0005622671377318866,0.0005622671377318866,1.4968415715129165e-12,1.7425734138935758e-08
unstable_plus05,0.03,320.0,4095,0.078125,0.02,0.05,100.0,0.4681184600057029,0.4939662546720331,0.4681184600057029,0.4939662546720331,0.38123175388048425,-0.38123175388048425,1.5030518165946803e-12,2.9806029545293423e-05
unstable_minus05,0.03,320.0,4095,0.078125,0.02,-0.05,100.0,0.4867791517333565,0.5008346887173774,0.4867791517333565,0.5008346887173774,0.5078428892888964,0.5078428892888964,1.5002917076694523e-12,3.5820406390913554e-06
stable_control,0.1,320.0,4095,0.078125,0.02,0.0,100.0,2.2716088180594717e-05,2.4948906902753225e-05,1.9093337712525806e-05,2.1152660993748007e-05,2.384815944278529e-05,1.7221976985837273e-05,1.5091275511901886e-12,8.349368343938804e-09
stable_plus05,0.1,320.0,4095,0.078125,0.02,0.05,100.0,0.013371443503441584,0.015435674747667444,0.010340104006460566,0.01024747833361797,0.03535863467190348,0.035192580041585986,1.507823910070491e-12,6.95758787036492e-06
stable_minus05,0.1,320.0,4095,0.078125,0.02,-0.05,100.0,0.01407763851235012,0.01627684941694318,0.010604914913831729,0.0105247376177138,0.019698205116004952,0.005562758248927047,1.5145050708089418e-12,6.9009741983907484e-06
unstable_time_coarse,0.03,320.0,4095,0.078125,0.04,0.05,100.0,0.46786505559542163,0.49370701788277965,0.46786505559542163,0.49370701788277965,0.3810517914460939,-0.3810517914460939,7.440218621568755e-13,0.00011911844546726615
unstable_time_fine,0.03,320.0,4095,0.078125,0.01,0.05,100.0,0.4681809565440526,0.4940301715389028,0.4681809565440526,0.4940301715389028,0.38127593220175293,-0.38127593220175293,3.083386683095755e-12,7.4531277919073285e-06
unstable_space_coarse,0.03,320.0,2047,0.15625,0.02,0.05,100.0,0.4681184602008889,0.49396625486871226,0.4681184602008889,0.49396625486871226,0.38123175403173803,-0.38123175403173803,2.6272786831741474e-13,2.9806034660216953e-05
unstable_space_fine,0.03,320.0,8191,0.0390625,0.02,0.05,100.0,0.46811846000164997,0.4939662546683153,0.46811846000164997,0.4939662546683153,0.38123175387310426,-0.38123175387310426,1.8111489753754255e-12,2.9806039092562946e-05
unstable_domain480,0.03,480.0,6143,0.078125,0.02,0.05,100.0,0.46811846003213525,0.493966254698775,0.46811846003213525,0.493966254698775,0.3812313475950605,-0.3812313475950605,3.747020372805353e-12,2.980604466107289e-05
stable_time_coarse,0.1,320.0,4095,0.078125,0.04,0.05,100.0,0.013371443503441584,0.015435674747667444,0.01037908269778045,0.010287343546776207,0.03554325688323812,0.03538093198172976,7.447049896273797e-13,2.793230915191769e-05
stable_time_fine,0.1,320.0,4095,0.078125,0.01,0.05,100.0,0.013371443503441584,0.015435674747667444,0.010330393443271992,0.010237557746355142,0.03531255826027957,0.03514557685023356,3.015647820140982e-12,1.7378098121989224e-06
stable_space_coarse,0.1,320.0,2047,0.15625,0.02,0.05,100.0,0.013371443503399184,0.015435674747622643,0.010340104010816711,0.010247478337449599,0.0353586346738215,0.03519258004351,2.372626837855521e-13,6.95758370911414e-06
stable_space_fine,0.1,320.0,8191,0.0390625,0.02,0.05,100.0,0.01337144350344929,0.015435674747669978,0.010340104004221298,0.010247478331507303,0.035358634664432786,0.03519258003424608,1.7529084405707604e-12,6.9575801384775375e-06
stable_domain480,0.1,480.0,6143,0.078125,0.02,0.05,100.0,0.013371443503441573,0.015435674747667445,0.01034010400827733,0.010247478370460547,0.035384412696736645,0.035227305094024164,3.7730633106854145e-12,6.957575344233798e-06
