base,test,relative_L2,relative_H1
stable_plus05,stable_time_coarse,6.179047530131262e-05,6.801613958484208e-05
stable_plus05,stable_time_fine,1.5443213544015293e-05,1.6999816644419735e-05
stable_plus05,stable_space_coarse,2.4580377487403035e-07,5.900791581851046e-06
stable_plus05,stable_space_fine,2.1500879026250745e-10,3.655922396549409e-09
stable_plus05,stable_domain480,0.00015280169690058234,0.00030276778780019743
unstable_plus05,unstable_time_coarse,0.0007482449185056411,0.0007109431693026559
unstable_plus05,unstable_time_fine,0.00018667427008975225,0.00017733951666187096
unstable_plus05,unstable_space_coarse,2.554487708334694e-07,6.10278153510533e-06
unstable_plus05,unstable_space_fine,5.165668837211125e-10,8.401314904589529e-09
unstable_plus05,unstable_domain480,2.2870570593146557e-05,4.515756364201301e-05
