t,N,H,phase_aligned_L2,phase_aligned_H1,rms_radius,core_fraction,peak
0.0,174.4143169247798,1.6194409036105704,0.013371443502160489,0.015435674746316626,3.923860697651001,0.9996858574624078,1.6732508723283115
1.0,174.41431692478278,1.619442588548535,0.01303786717215351,0.014836266745946477,3.9246439397880684,0.9996858573853914,1.6581887798652484
2.0,174.41431692478588,1.6194455615848287,0.012293259551781009,0.013596319582425498,3.9268255945924726,0.9996858597164554,1.6419645126323308
3.0,174.41431692478886,1.6194475200816527,0.011493848969007316,0.012379000382444548,3.9300728438243686,0.9996859199793157,1.6289008840505006
4.0,174.41431692479193,1.6194486593387056,0.010806914672221198,0.011407366824099818,3.9340775526374943,0.9996852483296672,1.6193547550937526
5.0,174.41431692479503,1.6194493340978493,0.010278285223971803,0.010702126056757699,3.938603255936377,0.9996878929251298,1.6122881514174972
6.0,174.41431692479807,1.6194497848422,0.009904188790169815,0.010223251093131788,3.9434765304640647,0.9996849041413348,1.6068229433444636
7.0,174.4143169248011,1.6194501284207903,0.009664765827079072,0.00992284987563026,3.948568172281586,0.9996680352373054,1.6024086934780264
8.0,174.41431692480418,1.6194504153893703,0.009536775779669856,0.009759399881834855,3.953778227772216,0.9996546189101132,1.5987170123621568
9.0,174.41431692480728,1.6194506672261577,0.009497905999816978,0.00969945062468789,3.9590262819481343,0.9996576679685556,1.5955505326999022
10.0,174.41431692481027,1.61945089328052,0.00952809725442625,0.009716383172870744,3.9642455085890997,0.9996768941762428,1.592788177667379
11.0,174.41431692481333,1.6194510978042773,0.009609852368941268,0.00978892207435719,3.9693790515351446,0.9997044914343248,1.5903539836508305
12.0,174.41431692481643,1.6194512828352023,0.009728188086474627,0.009899950405903524,3.97437779683248,0.9997318714001036,1.588199237330839
13.0,174.41431692481942,1.6194514494061718,0.009870451511235102,0.010035636345145593,3.9791989732134994,0.9997529513077151,1.586292142758988
14.0,174.41431692482251,1.619451598073532,0.010026085121981493,0.01018478899949675,3.9838052516184934,0.9997646883054335,1.5846115189421717
15.0,174.41431692482556,1.6194517291618225,0.010186380415220592,0.010338373430643612,3.988164150056835,0.9997664109503493,1.5831429528875465
16.0,174.41431692482857,1.6194518428855327,0.010344242472771159,0.010489138236445967,3.9922476280512695,0.9997589233071553,1.5818763212002984
17.0,174.41431692483164,1.619451939415108,0.010493977462952239,0.010631325713868916,3.9960318000688524,0.9997437727643256,1.580804211239463
18.0,174.41431692483462,1.6194520189162154,0.010631108071656202,0.010760444491409492,3.999496723926613,0.9997227604131025,1.5799208293602238
19.0,174.41431692483766,1.6194520815750997,0.010752217238932816,0.010873090212719693,4.002626236114653,0.9996976554238145,1.5792212842859157
20.0,174.41431692484065,1.6194521276158707,0.010854817869922088,0.01096680333318099,4.005407815751846,0.9996700504367693,1.5787010703073174
21.0,174.41431692484372,1.619452157313055,0.01093724486901381,0.011039955424943747,4.00783246499846,0.9996413039094267,1.5783557052259867
22.0,174.4143169248467,1.619452171000473,0.010998565412819948,0.01109165708166991,4.009894597646067,0.9996125313365549,1.5781805108871232
23.0,174.41431692484971,1.6194521690778099,0.011038503439450517,0.011121681801483204,4.011591930138263,0.9995846211832663,1.5781703823193591
24.0,174.41431692485278,1.6194521520150664,0.011057374623245173,0.01113040121435531,4.012925370955493,0.9995582613012586,1.5783197114485117
25.0,174.41431692485588,1.6194521203552794,0.011056028466443735,0.011118727770751092,4.013898905433931,0.9995339680067659,1.5786222839470125
26.0,174.41431692485907,1.6194520747159726,0.011035794490271325,0.011088061569373569,4.014519473876086,0.9995121138729212,1.5790712225475623
27.0,174.41431692486213,1.6194520157891739,0.010998429817724803,0.011040238418530031,4.014796841372574,0.9994929525128449,1.5796589757921167
28.0,174.41431692486526,1.619451944340254,0.010946065713848796,0.010977476547119691,4.014743458170441,0.9994766398348599,1.5803772753576657
29.0,174.41431692486827,1.6194518612058688,0.010881150915455868,0.010902319663081667,4.014374309746225,0.9994632518625775,1.5812171998667837
30.0,174.41431692487143,1.6194517672907647,0.01080638988753854,0.01081757436417399,4.013706756007213,0.999452799483004,1.582169159595601
31.0,174.41431692487447,1.6194516635636589,0.010724674546209345,0.01072624031054218,4.012760359275878,0.9994452405778771,1.5832229424459534
32.0,174.4143169248776,1.6194515510523142,0.01063900854996488,0.010631432145863384,4.011556700926809,0.9994404899904906,1.584367764231591
33.0,174.41431692488067,1.619451430837726,0.010552424035664781,0.010536292969397848,4.010119186753252,0.9994384277363006,1.5855923384608668
34.0,174.4143169248837,1.6194513040475083,0.0104678916886809,0.010443900250511515,4.008472841348671,0.9994389058064971,1.5868849109598084
35.0,174.41431692488675,1.6194511718485933,0.010388226263417146,0.010357166419513036,4.006644092001618,0.9994417538538627,1.5882333807523115
36.0,174.41431692488987,1.6194510354392946,0.01031599101357744,0.010278737858947905,4.004660542821076,0.9994467839939586,1.5896253345792264
37.0,174.41431692489286,1.6194508960406624,0.010253405771093545,0.010210897457213281,4.002550740034164,0.9994537949073287,1.5910481769972542
38.0,174.4143169248959,1.6194507548874124,0.010202264379344716,0.010155476985901687,4.000343929626672,0.9994625753885633,1.5924891850149137
39.0,174.41431692489897,1.619450613218387,0.010163867568228204,0.010113786009374421,3.998069808726065,0.9994729074550657,1.593935638781364
40.0,174.41431692490204,1.6194504722666627,0.01013897693672524,0.010086563572051737,3.99575827235191,0.99948456910239,1.5953748938508243
41.0,174.41431692490505,1.619450333249408,0.010127794401380332,0.010073957440937751,3.9934391573750094,0.9994973367719482,1.596794504325393
42.0,174.41431692490806,1.6194501973576356,0.010129969392133793,0.010075533341614621,3.9911419857276154,0.9995109875803629,1.5981823275684648
43.0,174.41431692491108,1.6194500657459383,0.010144633543825094,0.01009031378287396,3.988895709086755,0.9995253013473921,1.59952658374295
44.0,174.41431692491415,1.619449939522384,0.010170460084132473,0.010116843231775396,3.986728457404065,0.9995400624478302,1.6008160174105521
45.0,174.41431692491722,1.6194498197385685,0.010205743006167133,0.010153274092412932,3.984667293772187,0.9995550615071269,1.6020399408601682
46.0,174.41431692492029,1.6194497073801426,0.01024848976870144,0.010197466528348166,3.982737978193476,0.9995700969523575,1.6031883647541194
47.0,174.41431692492338,1.6194496033578305,0.010296520824390032,0.010247094784682451,3.980964742846327,0.9995849764269391,1.6042520717305055
48.0,174.4143169249264,1.619449508499108,0.010347569665542521,0.010299753206527472,3.9793700814233395,0.9995995180737602,1.6052226852734197
49.0,174.41431692492952,1.6194494235405572,0.010399378075758223,0.010353056345222144,3.977974555041137,0.9996135516893865,1.6060927551493103
50.0,174.41431692493256,1.6194493491212534,0.010449782596813709,0.010404729054806548,3.97679661709261,0.9996269197483266,1.6068558275531817
51.0,174.4143169249356,1.6194492857769716,0.010496789593132634,0.010452684007690059,3.9758524592290416,0.9996394782988198,1.6075064766191516
52.0,174.41431692493867,1.6194492339356066,0.010538637520356458,0.010495085382459137,3.975155880424685,0.9996510977271622,1.6080404105500876
53.0,174.41431692494172,1.6194491939136166,0.010573845967180116,0.010530398487312525,3.974718180793574,0.9996616633891086,1.6084543777236149
54.0,174.4143169249447,1.6194491659137338,0.010601251706954338,0.010557425755939523,3.9745480815040377,0.999671076110601,1.6087463215659126
55.0,174.41431692494774,1.6194491500238035,0.010620032389895982,0.010575329923841142,3.974651671777592,0.9996792525462432,1.608915355780906
56.0,174.41431692495087,1.619449146216994,0.010629718681648408,0.010583645329667556,3.975032383574601,0.9996861254140165,1.6089616664646547
57.0,174.41431692495388,1.6194491543531482,0.0106301956740911,0.010582278261555545,3.975690994168698,0.9996916435798487,1.608886671853763
58.0,174.41431692495692,1.6194491741812935,0.010621694322835912,0.010571497152877514,3.97662565640597,0.9996957720220743,1.6086928571385042
59.0,174.41431692495993,1.6194492053434628,0.010604773558195564,0.010551913285308391,3.9778319560433983,0.9996984916516158,1.6083837732567419
60.0,174.41431692496298,1.6194492473794526,0.010580293618693563,0.01052445252682287,3.979302995174456,0.9996997990100194,1.6079639941382884
61.0,174.41431692496602,1.6194492997326868,0.010549381105897222,0.010490318559335127,3.9810295003874474,0.9996997058418267,1.6074391098862473
62.0,174.41431692496909,1.6194493617569883,0.010513386286210295,0.010450948065122043,3.9829999539726884,0.9996982385347705,1.6068155574890457
63.0,174.41431692497216,1.6194494327241429,0.010473833291081902,0.010407958467956972,3.9852007462052295,0.9996954374580008,1.6061006166009915
64.0,174.4143169249752,1.6194495118322791,0.010432364103771189,0.010363089077857154,3.9876163464861403,0.9996913561896866,1.6053023871461105
65.0,174.41431692497824,1.6194495982146928,0.010390677566513682,0.010318136867114977,3.990229490931364,0.9996860606381358,1.6044296070424573
66.0,174.4143169249812,1.619449690949244,0.010350465076271886,0.010274888589494808,3.993021383855052,0.9996796281082956,1.6034916323499153
67.0,174.41431692498435,1.6194497890680075,0.010313345117144108,0.010235051497441427,3.9959719105043865,0.9996721461435152,1.602498056966955
68.0,174.41431692498736,1.6194498915672126,0.010280799236298807,0.010200185439842647,3.999059858364189,0.9996637115991854,1.601458805013682
69.0,174.4143169249904,1.6194499974179388,0.010254112422644223,0.010171639537907944,4.002263144359019,0.9996544292429185,1.6003851989222935
70.0,174.4143169249934,1.6194501055745156,0.010234321001697036,0.010150496833023558,4.005559045334213,0.9996444107367873,1.5992866055184862
71.0,174.41431692499643,1.619450214986638,0.01022217103748754,0.010137530186635199,4.0089244292901585,0.9996337732242535,1.5981745048666927
72.0,174.41431692499953,1.619450324607844,0.010218089788842732,0.010133172231709368,4.0123359849703935,0.9996226380393746,1.5970597481176105
73.0,174.4143169250026,1.6194504334046576,0.01022217201251302,0.010137501342034885,4.0157704475573555,0.9996111295750011,1.5959523452058795
74.0,174.4143169250057,1.6194505403666046,0.010234181909447164,0.010150244476409062,4.019204818403603,0.9995993737420249,1.5948626451231065
75.0,174.41431692500873,1.6194506445145567,0.010253570394749952,0.010170796510356525,4.022616576914558,0.9995874968613138,1.5938007097206102
76.0,174.41431692501178,1.6194507449089137,0.010279506286634989,0.010198254465159052,4.025983882895299,0.9995756243211665,1.5927762086882185
77.0,174.41431692501493,1.6194508406571229,0.010310919099531888,0.010231464045625987,4.029285767873036,0.9995638792991879,1.5917985167410769
78.0,174.41431692501794,1.61945093092061,0.010346550499545021,0.010269075226969371,4.032502314104009,0.9995523818215402,1.5908762001173564
79.0,174.41431692502115,1.6194510149222743,0.01038501118785714,0.010309603342684843,4.035614820163928,0.9995412470206751,1.5900166410113667
80.0,174.41431692502414,1.6194510919496006,0.010424840008993292,0.010351492195028452,4.0386059522021664,0.9995305852156956,1.589228953861383
81.0,174.4143169250273,1.619451161364985,0.01046456237741324,0.010393176082331134,4.041459880108833,0.9995204989740715,1.5885166614806923
82.0,174.41431692503033,1.6194512226007527,0.01050274558822777,0.010433138170039852,4.044162397998133,0.9995110852398064,1.5878900904537814
83.0,174.4143169250334,1.6194512751823165,0.010538049132456075,0.01046996329358434,4.046701028553021,0.9995024306700105,1.5873477812761576
84.0,174.4143169250365,1.6194513186927506,0.010569268689475268,0.010502383810792484,4.049065110899488,0.9994946139895585,1.5869022933037216
85.0,174.41431692503966,1.6194513528312784,0.010595372968747354,0.010529317836115965,4.051245871793393,0.9994877042122187,1.5865507881720295
86.0,174.41431692504267,1.6194513773778645,0.010615532961226425,0.010549899324004013,4.05323647999637,0.9994817611164619,1.5862934451269377
87.0,174.41431692504568,1.6194513921743305,0.010629143465782915,0.010563500030929521,4.0550320838085145,0.9994768319140338,1.5861377410129487
88.0,174.41431692504864,1.6194513971654807,0.01063583694971347,0.010569743526748733,4.056629831799256,0.9994729535917578,1.586084811441551
89.0,174.4143169250517,1.619451392397425,0.010635489908587035,0.010568511376421633,4.05802887684906,0.999470153018169,1.5861318796718655
90.0,174.4143169250548,1.619451378001527,0.01062822195074642,0.010559941766105158,4.059230363677861,0.9994684452225658,1.586276523612941
91.0,174.4143169250579,1.6194513541914042,0.010614387856394295,0.01054442087642724,4.060237400099312,0.9994678337042225,1.5865164362777222
92.0,174.41431692506092,1.619451321265542,0.010594562872466304,0.010522567253745589,4.061055012301035,0.9994683112853433,1.586848342351144
93.0,174.41431692506404,1.6194512796055163,0.01056952153245707,0.01049520944186588,4.061690084514788,0.9994698606066036,1.587267812293095
94.0,174.41431692506706,1.619451229662804,0.010540210352215246,0.010463357191999468,4.062151283508569,0.999472453559158,1.5877706828327722
95.0,174.41431692507015,1.619451171937004,0.010507714863754378,0.010428166691495211,4.0624489684053575,0.9994760498092861,1.588355484500453
96.0,174.41431692507322,1.619451106989722,0.010473221623565187,0.010390900502890692,4.062595086415205,0.9994805995842283,1.5890208386120583
97.0,174.41431692507632,1.6194510355292466,0.010437976061412637,0.0103528831195046,4.062603055156082,0.9994860497433,1.5897532399855359
98.0,174.41431692507942,1.6194509583738077,0.01040323728470722,0.010315452986042683,4.062487632324618,0.9994923355424213,1.5905308750437863
99.0,174.41431692508257,1.619450876177014,0.01037023125850343,0.010279912466939161,4.062264773623722,0.9994993783447351,1.5913610412896217
100.0,174.41431692508561,1.6194507896494317,0.010340104159190254,0.010247478467256207,4.061951479893302,0.9995071027309945,1.5922520250539323
