tag,omega,L,nodes,status,Q0,M,H,T,point_residual,identity1,identity2,rel_identity1,rel_identity2,tolerance,seed_nodes,rel_M_to_ref,rel_H_to_ref
coarse_0.030,0.03,120.0,611,0,0.7068857343604737,164.75699297656865,2.718085474349495,11.49119372252287,7.949688025480795e-07,-3.5966388622910017e-07,-1.654105972193065e-06,1.1252557639430674e-09,1.7250293507956278e-09,1e-06,601,2.2963174186126492e-07,8.784965016995264e-09
medium_0.030,0.03,120.0,1343,0,0.7068857885606304,164.7570306840437,2.7180854989210363,11.491194626594202,1.0789610333225361e-08,3.0570106446248246e-09,5.138758751854766e-09,9.564257599441187e-12,5.359092935091861e-12,1e-08,1201,7.645738051385613e-10,2.550527683735726e-10
fine_0.030,0.03,120.0,3247,0,0.7068857889537968,164.75703081001262,2.7180854982277847,11.491194633793105,1.0168918138519188e-10,1.8474111129762605e-12,-1.8189894035458565e-12,5.779867268144012e-15,1.896982077749844e-15,1e-10,2401,0.0,1.307064726667688e-15
domain80_0.030,0.03,80.0,2447,0,0.7068857889537968,164.75703080955614,2.718085498212112,11.491194633777434,1.0168918138519188e-10,-2.7483793019200675e-11,-5.860556484549306e-11,8.598664074325012e-14,6.111839131767575e-14,1e-10,1601,2.770631838395436e-12,5.764808976967837e-12
domain160_0.030,0.03,160.0,4047,0,0.7068857889537968,164.75703081001262,2.718085498227781,11.491194633793103,1.0168918138519188e-10,1.8189894035458565e-12,-1.8189894035458565e-12,5.690946233249489e-15,1.896982077749844e-15,1e-10,3201,0.0,0.0
coarse_0.100,0.1,120.0,625,0,1.2639281589416453,174.41430069022016,1.6150670080242229,28.58474358309732,9.05648910428909e-07,1.3022090286085586e-06,4.064944107540214e-06,4.1478792419793405e-09,4.315973065822964e-09,1e-06,601,9.33843322993805e-08,4.509841040803777e-07
medium_0.100,0.1,120.0,1447,0,1.2639282742716118,174.41431692492634,1.6150662794041821,28.584746956434092,1.009023469552363e-08,-5.466915808938211e-10,2.822275746439118e-09,1.7413567320409288e-12,2.9965639631027636e-12,1e-08,1201,3.030620137960625e-10,1.5530110985717174e-10
fine_0.100,0.1,120.0,3877,0,1.2639282745532496,174.41431697778467,1.615066279654993,28.584746966149424,1.019372844700248e-10,-4.547473508864641e-12,1.5347723092418164e-12,1.448490132787259e-14,1.62955139938564e-15,1e-10,2401,1.6295513993856425e-16,6.59919730271268e-15
domain80_0.100,0.1,80.0,3077,0,1.2639282745532496,174.4143169777847,1.6150662796550037,28.584746966149435,1.019372844700248e-10,-4.575895218295045e-12,1.4779288903810084e-12,1.457543196117179e-14,1.5691976438528384e-15,1e-10,1601,0.0,0.0
domain160_0.100,0.1,160.0,4677,0,1.2639282745532496,174.4143169777847,1.6150662796550037,28.584746966149435,1.019372844700248e-10,-4.575895218295045e-12,1.4779288903810084e-12,1.457543196117179e-14,1.5691976438528384e-15,1e-10,3201,0.0,0.0
