tag,omega,L,nodes,status,Q0,M,H,T,point_residual,identity1,identity2,rel_identity1,rel_identity2
branch_0.01000,0.01,180.0,2444,0,0.4212347535687722,221.24233119079264,1.783692981926892,5.994174436829615,6.682825231598871e-10,4.064872882736381e-10,7.845414984331e-09,9.279264466888082e-13,5.9698201798559745e-12
branch_0.01500,0.015,180.0,1863,0,0.5105898306967476,193.63145688388659,2.1206605198685375,7.537698560831981,7.887517076819154e-09,2.780154773063259e-09,-2.2835138224763796e-09,7.288309969867505e-12,1.9954472463298198e-12
branch_0.02000,0.02,180.0,1888,0,0.584606545498242,178.95837096333173,2.374058988403897,8.929839610625818,9.638000414714757e-09,4.246089702064637e-09,1.7598722479306161e-09,1.2105453828641605e-11,1.672444824665784e-12
branch_0.02500,0.025,120.0,1308,0,0.6490545417515082,170.21692117612545,2.5689842624754853,10.236610937095856,1.065760568947315e-08,2.001712573473924e-09,1.44427758641541e-09,6.030653482328141e-12,1.4504143054678726e-12
branch_0.03000,0.03,120.0,1343,0,0.7068857885606304,164.7570306840437,2.7180854989210363,11.491194626594202,1.0789610333225361e-08,3.0570106446248246e-09,5.138758751854766e-09,9.564257599441187e-12,5.359092935091861e-12
branch_0.03500,0.035,120.0,1352,0,0.7598427339390537,161.33476974936642,2.8286274129077498,12.7130165264641,1.0273205312181753e-08,3.773493517655879e-09,9.478583251620876e-09,1.2118763930654318e-11,1.0146982037221124e-11
branch_0.04000,0.04,120.0,1357,0,0.8090508648405801,159.2828777030375,2.905098635712738,13.914620610598153,8.484276422724237e-09,2.9451996397256153e-09,1.0306507647328544e-08,9.63040201053826e-12,1.123362579902491e-11
branch_0.04500,0.045,120.0,1375,0,0.8552842015172294,158.20915709408249,2.9503836392931895,15.104693564190496,9.143852074141414e-09,-9.542588941258145e-10,-2.8002773433399852e-09,3.1579207906264164e-12,3.088977948049013e-12
branch_0.05000,0.05,120.0,1381,0,0.8991003689235018,157.86719484667216,2.9663607062749566,16.28958067441657,9.378532191412969e-09,-7.824212389095919e-10,-3.007357918249909e-09,2.608525808409491e-12,3.342091767949285e-12
branch_0.05500,0.055,120.0,1384,0,0.940915812653261,158.09413232048604,2.95423580682861,17.47411962799662,9.724038207045677e-09,-5.684057668986497e-10,-2.6273028197465464e-09,1.902308375372063e-12,2.9309696521421795e-12
branch_0.06000,0.06,120.0,1387,0,0.9810506232666933,158.7779931571405,2.914741960983159,18.662132326555565,9.85253827941403e-09,-2.7566215976548847e-10,-1.876514943432994e-09,9.234831948084701e-13,2.0954756316495137e-12
branch_0.06500,0.065,120.0,1388,0,1.019756710611201,159.83932832260479,2.848264623031355,19.85673144654366,1.0425846302160396e-08,-5.5990767577895895e-12,-1.0853682397282682e-09,1.8732302778212714e-14,1.2104047013455832e-12
branch_0.07000,0.07,120.0,1390,0,1.05723628732469,161.22032813728754,2.7549238269433367,21.060520194957956,1.0234081712937833e-08,1.7487877812527586e-10,-2.5551116777933203e-10,5.831823414621194e-13,2.840245544043014e-13
branch_0.07500,0.075,120.0,1391,0,1.0936544313081078,162.87806830259748,2.6346297808248558,22.27572735485047,1.0642578167090898e-08,4.868638825428206e-10,8.58051407703897e-10,1.6157464843579581e-12,9.491999681416477e-13
branch_0.08000,0.08,120.0,1393,0,1.1291478815358482,164.78016054034777,2.4871214712604157,23.504301470832065,1.0182732000958715e-08,6.531308827106841e-10,1.8004016055783723e-09,2.154157606662402e-12,1.9793627466153225e-12
branch_0.08500,0.085,120.0,1395,0,1.1638313545478502,166.90186118340202,2.3119940114949067,24.74797831656763,1.0456654331076866e-08,9.728324812385836e-10,3.116838342975825e-09,3.185119956082471e-12,3.401580504197306e-12
branch_0.09000,0.09,120.0,1404,0,1.197802181093159,169.22409574267397,2.108718297191995,26.00833036900642,1.0705756137063242e-08,1.1044392067560693e-09,4.085109139850829e-09,3.5859829909059874e-12,4.421288137869982e-12
branch_0.09500,0.095,120.0,1413,0,1.2311437752502623,171.73207682932804,1.8766552668162007,27.286803845906128,9.942524504769681e-09,1.1746692507585976e-09,4.994888058718061e-09,3.7790758040691875e-12,5.3564185818024e-12
branch_0.10000,0.1,120.0,1447,0,1.2639282742716118,174.41431692492634,1.6150662794041821,28.584746956434092,1.009023469552363e-08,-5.466915808938211e-10,2.822275746439118e-09,1.7413567320409288e-12,2.9965639631027636e-12
branch_0.10500,0.105,120.0,1473,0,1.296218577425637,177.2619101505384,1.3231206444358214,29.903431814275933,1.0224513640018964e-08,-1.5229488781187683e-09,2.1751702661276795e-09,4.7997306832481396e-12,2.2850912501725898e-12
branch_0.11000,0.11,120.0,1488,0,1.3280699425356095,180.26800131975,0.9999010000811772,31.244071717391037,9.229983369137524e-09,-2.45941578214115e-09,9.789573596208356e-10,7.66466732600908e-12,1.0169600089937358e-12
branch_0.11500,0.115,120.0,1491,0,1.3595312505804882,183.4273876849594,0.6444070570107208,32.607834960281146,9.286657454934145e-09,-2.454640934956842e-09,1.7807906260713935e-09,7.560500128277242e-12,1.8283282040675863e-12
branch_0.12000,0.12,120.0,1495,0,1.390646019068539,186.73621647461093,0.2555580541214937,33.995856046067566,8.177395520811902e-09,-2.8954616482224083e-09,1.0892335922108032e-09,8.810013905368507e-12,1.1047361076678774e-12
branch_0.12500,0.125,120.0,1497,0,1.421453221669508,190.19175256031275,-0.1678058042677435,35.409244897939814,8.169984967216382e-09,-3.021568772965111e-09,1.434500518371351e-09,9.078262880388436e-12,1.4366458602796398e-12
branch_0.13000,0.13,120.0,1501,0,1.4519879577624943,193.7921982785008,-0.6269227474998544,36.84909454248838,7.193292511266717e-09,-3.2914897474256577e-09,1.1389715837140102e-09,9.761284464519574e-12,1.125916274863205e-12
branch_0.13500,0.135,120.0,1514,0,1.482282003467283,197.53655246975032,-1.123109525088779,38.316487586041525,7.52809623444369e-09,-3.002583071065601e-09,2.8996964829275385e-09,8.78620756118542e-12,2.828379716191392e-12
branch_0.14000,0.14,120.0,1528,0,1.5123642691476444,201.42449944439443,-1.6577620801996744,39.81250176139618,7.861468477767083e-09,-3.002867288159905e-09,3.254228886362398e-09,8.66753090782121e-12,3.13102186972572e-12
branch_0.14500,0.145,120.0,1539,0,1.542261181533612,205.456320980575,-2.232356727064662,41.33821472135573,8.1622004065527e-09,-3.0996147870610002e-09,2.6445263756613713e-09,8.822508928984627e-12,2.5090599063403618e-12
branch_0.15000,0.15,120.0,1562,0,1.5719970054834322,209.63282628883107,-2.848451775935189,42.894708253404225,8.357903238243862e-09,-3.6657183954957873e-09,-4.640014594770037e-09,1.0286103453941737e-11,4.340001513115431e-12
branch_0.15500,0.155,120.0,1568,0,1.6015941159026388,213.95529608651844,-3.507689562820339,44.48307199807988,8.539930119534191e-09,-3.272731419201591e-09,-4.389960395201342e-09,9.051084513550121e-12,4.046966428386781e-12
branch_0.16000,0.16,120.0,1576,0,1.6310732302409483,218.4254379512249,-4.211798844276217,46.104406843659454,8.671846713874506e-09,-2.2904202978679677e-09,-3.5595917324826587e-09,6.241697066943956e-12,3.233452145117878e-12
branch_0.16500,0.165,120.0,1579,0,1.6604536065914768,223.04535063702187,-4.962597546035681,47.759827964963314,8.752968736407012e-09,-2.0448851500987075e-09,-2.7077362574345898e-09,5.489834790625255e-12,2.423122998560368e-12
branch_0.17000,0.17,120.0,1578,0,1.6897532148079972,227.817495715021,-5.761995835038718,49.45046765584376,8.938159199202235e-09,-1.8154651115764864e-09,-2.1428832042147405e-09,4.800569325219401e-12,1.888783084117082e-12
branch_0.17500,0.175,120.0,1579,0,1.7189888842834895,232.74467519153188,-6.611999519271471,51.17747795966298,8.940736050999358e-09,-1.750152023305418e-09,-1.5860450730542652e-09,4.557346779575663e-12,1.3766722946865843e-12
branch_0.18000,0.18,120.0,1581,0,1.748176432476905,237.83001404597508,-7.514713757909185,52.9420331561534,9.084061332116111e-09,-1.6981402950477786e-09,-1.208036337629892e-09,4.3537456934418775e-12,1.032400565449549e-12
branch_0.18500,0.185,120.0,1581,0,1.7773307770703426,243.07694688693869,-8.472347087417646,54.74533213022173,9.008904210701658e-09,-1.517150849394966e-09,-4.4519765651784837e-10,3.829105985535264e-12,3.7454175194965136e-13
branch_0.19000,0.19,120.0,1582,0,1.8064660343363625,248.4892080682861,-9.487215762330443,56.58860065566538,9.110763148578769e-09,-1.2176712971267989e-09,6.009486241964623e-10,3.024875626145581e-12,4.976150926172062e-13
branch_0.19500,0.195,120.0,1584,0,1.8355956057147784,254.07082475597463,-10.561748416575497,58.47309361572178,9.198944687481504e-09,-1.1549445844138972e-09,1.0752501111710444e-09,2.823452418907791e-12,8.762087140443972e-13
branch_0.20000,0.2,120.0,1584,0,1.8647322543291338,259.826112529724,-11.698491051635912,60.400097180530935,9.273688577009343e-09,-1.0425367236166494e-09,1.8648051991476677e-09,2.507775088185175e-12,1.495234945297266e-12
branch_0.25000,0.25,120.0,1579,0,2.1589562066254837,328.0874135766886,-27.143271819845296,82.31787235746225,9.352888999526175e-09,-3.991544872405939e-10,8.056304068304598e-09,8.110734532391473e-13,5.456746339122631e-12
branch_0.30000,0.3,120.0,1583,0,2.4651049128948266,420.7235083795556,-52.73736865368633,110.21952578197505,9.419025940203712e-09,-1.936371063493425e-10,1.659111603657948e-08,3.2874849174395567e-13,9.389220341341834e-12
branch_0.40000,0.4,120.0,1613,0,3.1477054052116573,725.4502827666995,-161.0793341709837,193.65116838369443,9.234405445423816e-09,6.603499969060067e-10,3.9699216358712874e-08,7.585518638013848e-13,1.5200986699485834e-11
branch_0.50000,0.5,120.0,1613,0,3.98968840032724,1352.5468495338473,-447.26891246083335,343.5067684079411,7.894018398680088e-09,1.1156828350067372e-08,1.023879576678155e-07,8.248755563491587e-12,2.5233373049892192e-11
branch_0.60000,0.6,120.0,1632,0,5.112492299730511,2822.3540532346633,-1266.8613159125853,639.826673951706,8.308717823806587e-09,1.6860496998560848e-08,1.812250047805719e-07,7.467390997202914e-12,2.6754410407868518e-11
branch_0.70000,0.7,120.0,1660,0,6.763769537197458,7045.445172717351,-4052.3302780850136,1319.2220140864465,8.37342779527593e-09,2.303590918018017e-08,2.785045580822043e-07,5.449362109215009e-12,2.196096211008338e-11
branch_0.80000,0.8,120.0,1693,0,9.595549030843706,24416.027626598338,-17307.241701321404,3338.3705995880778,8.450331574594963e-09,5.66876678931294e-08,6.956524885026738e-07,5.804349990889381e-12,2.374302715976093e-11
branch_0.90000,0.9,120.0,1690,0,16.303276638423895,187884.19816107082,-159667.6044974152,14142.260770882634,8.325648294967921e-09,9.125324140768498e-08,8.80369043443352e-07,2.4284437515397945e-12,7.809500497763586e-12
