omega,M,Q0,Lminus_l0_eig0,Lminus_l0_eig1,Lminus_l0_eig2,Lminus_l0_eig3,Lminus_l0_eig4,Lplus_l0_eig0,Lplus_l0_eig1,Lplus_l0_eig2,Lplus_l0_eig3,Lplus_l0_eig4,Lminus_l1_eig0,Lminus_l1_eig1,Lminus_l1_eig2,Lminus_l1_eig3,Lminus_l1_eig4,Lplus_l1_eig0,Lplus_l1_eig1,Lplus_l1_eig2,Lplus_l1_eig3,Lplus_l1_eig4,Lminus_l2_eig0,Lminus_l2_eig1,Lminus_l2_eig2,Lminus_l2_eig3,Lminus_l2_eig4,Lplus_l2_eig0,Lplus_l2_eig1,Lplus_l2_eig2,Lplus_l2_eig3,Lplus_l2_eig4
0.01,221.2423304585244,0.4212347542388186,-9.882534696530402e-08,0.01222851552595277,0.018533069058088623,0.02842480603806525,0.041669896409800296,-0.11664287325520631,0.010907645587957381,0.015058650496316118,0.023015600391985913,0.03463148497308015,0.013090027704315929,0.018898183039147858,0.027386806781925205,0.03872818203242211,0.053153753056737904,-3.1965347038803847e-07,0.013315579447701183,0.02011349510034645,0.030418640411514354,0.04411859554624295,0.01518272721144235,0.02285950222821286,0.033494961928070555,0.047070095753433086,0.06359601882318727,0.015164036679982958,0.022675965238611342,0.03275267180055021,0.045190016730161,0.06015406567453428
0.015,193.63145688382716,0.5105898306967057,-2.219602834173538e-07,0.017091286672537037,0.023150592131615487,0.03282996361606633,0.045907613119120005,-0.156899474393009,0.015990356450708912,0.020039096765805196,0.02776011981255659,0.03910202069080884,0.01811354311887216,0.024029544230144504,0.03266617888018132,0.04406841664528188,0.05842701439351229,-6.252294092833213e-07,0.01825778526836693,0.02488999198181817,0.035000181469462883,0.04850984815827033,0.02018674998359256,0.027890445547841425,0.03859055754789256,0.05226031157080055,0.06888598046173111,0.020178171777263578,0.027797169343487343,0.03817363782377464,0.0510695035690171,0.06637784572371921
0.02,178.9583709633317,0.584606545498242,-3.569275457047424e-07,0.02201234253248921,0.027909087713519687,0.03742981526222621,0.05037569472334912,-0.18981849386448685,0.02106048513850457,0.025080674907416476,0.03266817791584507,0.043838921861061336,0.02312443836666741,0.029097638342860117,0.0378343248229129,0.04931104872958857,0.06366212903490967,-9.658326638483098e-07,0.023229435685556896,0.029764297593449267,0.03974488484485212,0.05312317202881593,0.025188213692852263,0.03290336078035311,0.043635565167230356,0.057360038143631456,0.07405409072598981,0.025183246605881587,0.032845978188904376,0.04336371211867081,0.05653126085556111,0.07216077419398685
0.025,170.21692117612548,0.6490545417515082,-5.076506710207507e-07,0.026960029634033725,0.03273986568076136,0.04213630373494259,0.05497365658924627,-0.2172855415382098,0.02611774590589301,0.030140268633197534,0.037645822888121065,0.04869896601840796,0.0281305639250464,0.03413836951131222,0.04294395860273956,0.05448635078082947,0.06885146667221703,-1.3278127276372546e-06,0.028212895962084702,0.03468397120100722,0.04457095692964952,0.057849916370409316,0.03018890229635167,0.037909977952949876,0.04866052471637928,0.062419444369860355,0.07916111965925499,0.030185619865833513,0.03787048150374672,0.04846582345233007,0.06180022373726675,0.07767104172513366
0.03,164.75703068404377,0.7068857885606304,-6.698972886176455e-07,0.031922332176063155,0.037613332264279146,0.04690917505687001,0.059654732887579116,-0.24056089984644652,0.031164347373538348,0.03520312582575896,0.042656686748881956,0.05362456306703735,0.033134424075606614,0.0391650555573448,0.04801987814988229,0.059616261101144,0.07400208803307595,-1.6998373333112478e-06,0.03320217728078284,0.03962839100188328,0.04944429145311166,0.06264434364830154,0.0351892799952231,0.04291382711361549,0.053675895289955006,0.0674579969541427,0.08423404408584552,0.03518691792316293,0.04288455609609293,0.053527290614861306,0.0669707166765178,0.08301799232465704
0.035,161.33476974936642,0.7598427339390537,-8.403067991899813e-07,0.03689361572781922,0.042514389661918166,0.051726795734074064,0.0643932752155342,-0.2605256841728459,0.03620250674432175,0.04026357451304697,0.04768391156470118,0.05858782714225101,0.038137045052934804,0.04418365671348644,0.05307483192878899,0.0647147882469835,0.07912190558287242,-2.0746121513241063e-06,0.03819472120437256,0.04458776236666774,0.05434774953591405,0.06748310738509437,0.040189509504286,0.04791626902489493,0.058686078201127104,0.07248459554594751,0.08928629534481768,0.040187705642877984,0.047893410303726514,0.0585673373189652,0.07208595248120742,0.08826391566786113
0.04,159.2828777030375,0.8090508648405801,-1.0163615803395172e-06,0.04187085970734186,0.04743444439226896,0.05657629514713754,0.06917369982511049,-0.27781830826170456,0.0412340294667244,0.045319468752578224,0.052718849769854775,0.06357364567567816,0.04313891939873139,0.04919720571640493,0.05811593184244167,0.06979090219662681,0.08421738733859381,-2.447393528170046e-06,0.04318926296172265,0.049556837330015736,0.059271667547331666,0.07235278874305766,0.0451896595621374,0.05291791909859836,0.06369319810319796,0.07750380829252086,0.09432520481206752,0.0451882203493737,0.052899357705395236,0.06359498270762036,0.07716775135180447,0.09344458028052648
0.045,158.20915709408249,0.8552842015172294,-1.196142721289774e-06,0.046852286886541264,0.05236820949912367,0.06144945330754081,0.07398584638502556,-0.2929149690212967,0.04626030838169135,0.05037016386392144,0.05775679402233936,0.06857319470341475,0.048140310897462534,0.054207396083223634,0.06314741949450489,0.07485049780554046,0.0892934674144282,-2.815035057103354e-06,0.048185110079214895,0.0545325543023034,0.06421014682504236,0.07724502537462116,0.050189763204994506,0.05791908888056784,0.06869838696822311,0.08251818954332313,0.09935507182266207,0.05018857574737293,0.05790355480587987,0.06861492565117736,0.08222807263005108,0.09858130893958199
0.046,158.08837288648866,0.8642257983418908,-1.232396959483683e-06,0.04784896793292667,0.053356281765204544,0.06242640324777925,0.07495142796022175,-0.29570437725583304,0.047265033082045986,0.05137967376868275,0.058764486615333476,0.06957423384510458,0.04914054597438061,0.055209128237388765,0.06415281747405963,0.07586081038881948,0.09030669912638659,-2.8877426104997093e-06,0.049184396926989775,0.05552831346728056,0.06519922867380845,0.0782256579390675,0.05118978006698697,0.058919281822661075,0.06969925560639709,0.08352063215493444,0.1003602144227895,0.05118863355044897,0.05890424537969223,0.06961824578280379,0.08323823258220336,0.09960464595452026
0.0465,158.03839025380438,0.8686616622069863,-1.2505529051230138e-06,0.0483473518259612,0.05385046382052262,0.06291513714343813,0.07543457354679056,-0.29707247364395417,0.04776733521452219,0.05188435121390717,0.059268332381049026,0.07007486555309489,0.049640658912179676,0.05570996146121012,0.06465541847402931,0.07636578807401462,0.0908130883734517,-2.9239823673842704e-06,0.049684052871195296,0.05602625975515925,0.06569392190827364,0.07871621677484608,0.05168978810024832,0.05941937404199702,0.07019967217040582,0.08402180733550593,0.10086269623586408,0.05168866109330661,0.059404575278893625,0.07011983599518973,0.0837431113062806,0.10011588457128032
0.047,157.99511090094217,0.8730748281419168,-1.2687275114109687e-06,0.04884576355431998,0.05434473975808819,0.0634040380744385,0.0759179485248841,-0.2984232321039895,0.048269598350924654,0.05238897734050319,0.05977217553614484,0.07057556694798234,0.05014076892239391,0.05621077372082981,0.06515795670126515,0.0768706506905596,0.09131933051638552,-2.960145115744298e-06,0.05018371678480705,0.056524248703342064,0.06618871294371051,0.07920693180726854,0.052189795886946756,0.05991946358056237,0.07070007747551027,0.08452295316742792,0.10136512091580963,0.052188687781706634,0.059904895463611225,0.0706213819786694,0.08424786221765518,0.10062684908250627
0.0475,157.95836615605103,0.8774657246528056,-1.2869178291525846e-06,0.04934420234633913,0.05483910714093081,0.06389310202984427,0.07640154775024824,-0.29975694408116654,0.04877182332317518,0.05289355243883156,0.06027601450327443,0.07107633443121675,0.050640876103721595,0.056711565681085284,0.0656604339762496,0.07737540110956456,0.0918254284251255,-2.9962281875330066e-06,0.05068338840494981,0.057022279022976956,0.0666835991042323,0.07969779908834088,0.05268980343428755,0.060419550541304275,0.0712004719313575,0.0850240706523463,0.10186749026243683,0.05268871365141081,0.060405206314339654,0.07112288538387299,0.08475248980996916,0.10113754837697861
0.048,157.9279938256198,0.8818347685655484,-1.3051236315520544e-06,0.04984266746302905,0.05533356362212337,0.06438232513120501,0.07688536623929748,-0.3010738941174559,0.049274010940423975,0.053398076812885005,0.06077984779072597,0.07157716455189606,0.05114098054814346,0.05721233798162222,0.0661628520469491,0.07788004210490945,0.09233138489157625,-3.0322299921119578e-06,0.05118306747731814,0.05752034947403543,0.06717857781413714,0.0801888148021927,0.05318981075131129,0.060919635019417086,0.07170085593664957,0.0855251607386037,0.10236980599748141,0.05318873873682492,0.06090550820064047,0.07162434778817003,0.08525699838053202,0.10164799097052157
0.0485,157.90383788984312,0.8861823654304812,-1.3233433380283218e-06,0.05034115818953626,0.055828106934112706,0.06487170362837108,0.07736939916490829,-0.3023743600531679,0.049776161992117006,0.05390255078451092,0.06128367398894045,0.07207805400839418,0.051641082345838495,0.05771309123353938,0.06666521259729133,0.07838457635476503,0.09283720262853082,-3.0681493679014213e-06,0.05168275375682684,0.05801845886735027,0.06767364658606798,0.08067997526711351,0.05368981784751544,0.0614197171169505,0.07220122986177818,0.08602622434304158,0.1028720697856069,0.053688763066423055,0.061405801463776895,0.072125770691093,0.08576139203533528,0.1021581850405914
0.049,157.88574821025915,0.8905089099572864,-1.341575404958033e-06,0.050839673840280444,0.056322734888660575,0.06536123389159645,0.07785364184858934,-0.30365861323503457,0.050278277245368784,0.05440697469044078,0.061787491766765144,0.07257899963470063,0.05214118158390114,0.058213826021939065,0.06716751724256675,0.07888900644339675,0.09334288427179141,-3.1039869889945802e-06,0.05218244701111573,0.05851660606078223,0.06816880302377357,0.08117127692281417,0.05418982473514212,0.06191979691951847,0.07270159406390181,0.0865272623341033,0.10337428321111267,0.054188786671429505,0.061906086434987274,0.07262715552062038,0.08626567470412744,0.10266813843335751
0.0495,157.8735802579973,0.8948147863997288,-1.3598209572419058e-06,0.05133821375267976,0.056817445376210085,0.06585091240919588,0.07833808975351989,-0.304926918716099,0.0507803574463685,0.05491134887741188,0.06229129986421161,0.0730799983989102,0.05264127834188732,0.05871454290889806,0.06766976753706286,0.07939333487115627,0.0938484323867966,-3.1397392631254007e-06,0.05268214701817284,0.0590147899504362,0.06866404481546506,0.08166271632710634,0.05468983142140504,0.06241987451410489,0.07320194888556689,0.08702827555603423,0.10387644780533106,0.05468880958444038,0.06240636343090856,0.07312850364458612,0.0867698501454284,0.10317785867990698
0.05,157.86719484667216,0.8991003689235018,-1.378075837149934e-06,0.05183677728866154,0.057312236354250284,0.06634073577968475,0.07882273848179805,-0.3061795354330287,0.05128240332429773,0.055415673705252896,0.06279509709222247,0.07358104739263141,0.053141372700931604,0.05921524243301498,0.06817196497803987,0.0798975640550191,0.09435384946478922,-3.175405819726986e-06,0.05318185356085765,0.05951300948147027,0.06915936972890066,0.08215429015549847,0.0551898379089582,0.06291994998313741,0.07370229464878156,0.08752926480696879,0.10437856504389875,0.055188831827103026,0.06290663274445304,0.0736298163719464,0.08727392195658829,0.10368735301189788
0.0505,157.86645789942872,0.9033660219818755,-1.3963405848439865e-06,0.05233536383449562,0.05780710585261288,0.06683070071028147,0.07930758376501587,-0.3074167164012929,0.051784415586773075,0.055919949543348765,0.06329888232887099,0.07408214382741014,0.05364146473512226,0.05971592511054349,0.06867411100635354,0.08040169632792366,0.09485913792917613,-3.210985417949625e-06,0.05368156643763117,0.06001126363325436,0.06965477560979641,0.0826459951874979,0.05568984421370172,0.0634200234031091,0.07420263166962407,0.08803023085993292,0.10488063633578487,0.05568885343111833,0.06340689466261279,0.07413109494180886,0.08777789357560484,0.10419662838016167
0.051,157.87124020993102,0.9076121006474501,-1.4146140533933028e-06,0.05283397279754119,0.05830205196706602,0.06732080401198906,0.07979262146265018,-0.3086387088831171,0.052286394923199433,0.056424176769963474,0.06380265451211155,0.07458328503037946,0.05414155451652994,0.0602165914394801,0.06917620700825275,0.08090573395049155,0.09536430013897337,-3.246477373225648e-06,0.054181285450395175,0.0605095514250764,0.0701502603799915,0.08313782830933827,0.05618985033555075,0.06392009485051808,0.07470296024819548,0.08853117445279687,0.10538266303882318,0.056188874415405037,0.06390714945960968,0.0746323405453572,0.08828176830304785,0.10470569146383812
0.0515,157.88141722578442,0.9118389509433504,-1.4328959371457958e-06,0.05333260360567149,0.05879707285563049,0.06781104259358059,0.08027784755857986,-0.3098457545557794,0.05278834200637819,0.05692835577147275,0.06430641264095671,0.07508446843517888,0.05464164211566273,0.06071724189740234,0.06967825431904942,0.0814096791065364,0.09586933838369716,-3.2818792314260085e-06,0.05468101040854037,0.061007871915472495,0.07064582202945102,0.08362978651003386,0.056689856286756976,0.06442016439821546,0.07520328066496743,0.08903209629101763,0.10588464646565116,0.056688894808025476,0.06440739739004592,0.07513355432539556,0.08878554930160273,0.10521454868270741
0.052,157.8968688413334,0.9160469101535247,-1.4511836231809213e-06,0.053831255705980324,0.05929216673728653,0.06830141345941793,0.08076325814824623,-0.3110380896797383,0.05329025749020827,0.05743248694020987,0.06481015577009269,0.07558569158082362,0.055141727596227354,0.06121787693886136,0.07018025422451846,0.0819135339056751,0.09637425489127985,-3.3171933443823123e-06,0.05518074113237849,0.06150622419253923,0.07114145861723575,0.08412186687061068,0.057189862071345916,0.06492023211402684,0.07570359319858744,0.08953299705904924,0.10638658787593608,0.05718891462882092,0.06490763870670824,0.07563473736537754,0.0892892395978882,0.10572320620220466
0.0525,157.9174792024423,0.920236307127059,-1.4694769734890627e-06,0.05432992856621666,0.05978733188896754,0.06879191370555743,0.08124884944541824,-0.3122159452479755,0.05379214201142857,0.057936570675186844,0.06531388300767041,0.07608695210562208,0.05564181102525816,0.06171849700646737,0.07068220796615923,0.08241730039430151,0.09687905183162149,-3.3524141925523147e-06,0.05568047744676584,0.06200460737968812,0.07163716826624875,0.08461406656809389,0.05768986769517795,0.06542029805802341,0.07620389810716374,0.09003387741121957,0.10688848848004123,0.05768893389947174,0.06540787364185313,0.07613589071225449,0.08979284209890973,0.10623166996585873
0.053,157.9431365207569,0.9244074625617195,-1.4877750513041685e-06,0.05482862167232847,0.06028256664325949,0.06928254051496302,0.08173461777007743,-0.31337954714699234,0.054293996191336055,0.05844060738177009,0.0658175935131053,0.0765882477439,0.05614189246051483,0.06221910252428699,0.07118411673944489,0.08292098054820746,0.09738373131069994,-3.3875436467394537e-06,0.05618021918437871,0.06250302063480195,0.07213294916425922,0.08510638286241515,0.05818987316776716,0.06592036229393325,0.07670419564287326,0.09053473797035128,0.10739034944404124,0.05818895264211923,0.06590810241861669,0.07663701535591322,0.09029635959067997,0.10673994568432094
0.0535,157.97373289834852,0.9285606892791373,-1.5060764958910626e-06,0.05532733452551105,0.060777869387248405,0.06977329115548747,0.0822205595458898,-0.3145291162927743,0.05479582063422038,0.05894459746699496,0.06632128649253737,0.07708957631710893,0.05664197196176746,0.0627196938963491,0.07168598169843526,0.08342457628296016,0.09788829538115773,-3.4225815366696846e-06,0.05667996618467659,0.06300146314027458,0.07262879955619991,0.08559881310603842,0.05868987848858252,0.06642042488823138,0.07720448604785429,0.09103557934283879,0.10789217189520725,0.05868897087206115,0.06640832525649937,0.0771381122538432,0.09079979475009683,0.1072480388568341
0.054,158.0091641622134,0.9326962924905507,-1.5243811657403751e-06,0.055826066647069524,0.06127323855694616,0.07026416297698604,0.08270667129834014,-0.31566486878150085,0.055297615930954544,0.05944854134408982,0.0668249611971823,0.07759093573594307,0.057142049585157256,0.06322027151854348,0.07218780395117991,0.08392808945015728,0.09839274603539289,-3.457525828742651e-06,0.05717971829332155,0.06349993411218616,0.07312471774462581,0.08609135472710572,0.05918988366805075,0.06692048588638014,0.07770476955282837,0.09153640210767786,0.10839395691743006,0.05918898861235977,0.06690854236039523,0.07763918232336317,0.09130315013716941,0.10775595477304992
0.0545,158.04932969993257,0.9368145700386622,-1.5426878819994307e-06,0.056324817571880986,0.06176867263959089,0.07075515340737676,0.08319294965108251,-0.3167870160170744,0.05579938265396575,0.0599524394272805,0.06732861692491,0.07809232399363565,0.05764212538700534,0.06372083576222087,0.07268958457150737,0.08443152184755848,0.09889708521789575,-3.4923760383649275e-06,0.0576794753608766,0.06399843279228529,0.07362070208863397,0.0865840052322975,0.05968988870884123,0.06742054535166583,0.0782050463743714,0.09203720682332828,0.10889570555488662,0.059689005881521214,0.06740875392745499,0.07814022643889174,0.091806428224261,0.1082636985294822
0.055,158.09413232048604,0.940915812653261,-1.5609958740771584e-06,0.05682358685087866,0.06226417016886999,0.07124625994762007,0.08367939131812122,-0.317895764847855,0.05630112136443369,0.060456292135813286,0.0678322530111329,0.07859373916145605,0.05814219941680242,0.0642213869954234,0.07319132459733727,0.08493487520938564,0.09940131481548242,-3.527129353907257e-06,0.05817923724318588,0.0644969584470918,0.07411675099847018,0.08707676220987637,0.06018989361407953,0.06792060333184696,0.07870531672952161,0.0925379940295328,0.10939741881705528,0.060189022692117344,0.06790896014570716,0.07864124543696285,0.09230963137872278,0.10877127503771888
0.0575,158.38452167638428,0.9611762071779714,-1.6525190859667873e-06,0.05931769383313775,0.0647425612803382,0.07370345181834573,0.08611394059685057,-0.32324546925857545,0.05880941333035987,0.0629748897561908,0.07035011824991756,0.08110115629840793,0.0606425446794495,0.06672395975604425,0.07569944958657981,0.08745051364897624,0.10192088162987384,-3.6994509311509352e-06,0.06067811424815174,0.06698996745375915,0.07659791183927414,0.0895420645132019,0.06268991631514487,0.07042087264673683,0.08120657835121209,0.09504168475952002,0.11190548733712358,0.06268910042802436,0.07040991705563893,0.08114599080016391,0.09482459979303107,0.11130680861232345
0.06,158.7779931571405,0.9810506232666933,-1.7439476385226182e-06,0.06181220007965694,0.06722234275525103,0.07616321051428844,0.08855212852508003,-0.32828883083346305,0.061317081199652415,0.06549241610865904,0.07286741332777198,0.08360899693530705,0.06314285241380516,0.06922625455999454,0.07820669597755803,0.08996440786475507,0.10443796443120584,-3.869298452906089e-06,0.06317709299031468,0.06948355443480697,0.07908047532067622,0.09200970483444337,0.06518993631764328,0.07292111150759223,0.08370770569005817,0.09754500750183501,0.11441280374129334,0.06518916888251383,0.07291076431703225,0.08365021635088357,0.09733800168407405,0.11383880311968092
0.065,159.83932832260479,1.019756710611201,-1.9261624005343137e-06,0.06680224743708708,0.0721855359643346,0.08108948976631712,0.09343816760751153,-0.33754013561197344,0.06633076141774606,0.0705244622084106,0.07790011816452196,0.08862529921298017,0.06814337310872051,0.0742301363279809,0.08321892041922996,0.0949875995775824,0.10946539622102336,-4.201342703227801e-06,0.06817530613959635,0.074472201861213,0.08404922951764263,0.09695110058903131,0.0701899698085375,0.07792151501133535,0.08870962908830665,0.10255073395022948,0.11942553535414291,0.07018928339872749,0.07791219177245678,0.08865738875568482,0.10236091215246174,0.1188938873193513
0.07,161.22032813728754,1.05723628732469,-2.1070178986505465e-06,0.07179345640900152,0.07715283739606331,0.08602349852442824,0.09833535661672026,-0.3457977608929258,0.07134253584186637,0.07555282827571388,0.08293014049511332,0.09364161268848634,0.0731437903731895,0.0792332378687621,0.08822860358050955,0.10000551379889772,0.11448483233941376,-4.522927394981083e-06,0.07317379595867596,0.07946246999545623,0.08902203966919103,0.10189942627788623,0.07518999658346553,0.08292184102402736,0.09371120183314666,0.10755547381130057,0.12443619733739428,0.07518937478218041,0.08291334048784962,0.09366321137941017,0.10737966389491915,0.12393932455181789
0.08,164.78016054034777,1.1291478815358482,-2.462703852674867e-06,0.08177858305221714,0.08709712543093664,0.09590999233914616,0.10815674254465293,-0.35980092230956906,0.08136148635454332,0.08559993217491937,0.09298187232099295,0.10367165683090154,0.08314439174333495,0.08923765599523426,0.09824201255376756,0.11002850521154534,0.12450324873948448,-5.1341900758700794e-06,0.08317138719552244,0.08944667038453386,0.09897704513695912,0.11181242702771091,0.08519003626754967,0.09292233036795336,0.10371359701304042,0.11756280036460917,0.1344529144439056,0.08518950966490998,0.092915052430808,0.10367197570536307,0.11740814002053321,0.13400883582835915
0.1,174.41431695279303,1.263928274435966,-3.140687431989603e-06,0.10175625569093075,0.10701260954708466,0.11573527326620614,0.12787738325408926,-0.38011417333162534,0.10138613897537324,0.10566333462031971,0.1130532411531403,0.12371207877810123,0.10314497135582679,0.10924160638573693,0.1182518591891934,0.13003564604988865,0.14447303118940819,-6.230505238326713e-06,0.10316811880798782,0.10942463691476759,0.11891235993114427,0.1316837628646939,0.10519008369593731,0.11292292596518382,0.12371657468161328,0.1375721082388352,0.15447459139916486,0.10518966840343615,0.11291709198873448,0.12368253792221273,0.1374427216039374,0.15409334242295092
0.12,186.73621647461093,1.390646019068539,-3.763481308140324e-06,0.12174008983340442,0.12695078808200394,0.13560558613783752,0.14766654359156334,-0.3931480273281813,0.12139884074855942,0.1256956122673999,0.13308592645987352,0.14371903086210494,0.12314501405811795,0.1292411845446002,0.13824554518564955,0.15000236758628918,0.16436527062786607,-7.167361083979454e-06,0.12316601520991213,0.1294100519970772,0.13886814783093004,0.1515930687157948,0.12519010970259203,0.13292325802706823,0.14371826656172598,0.15757749672369287,0.17448734550631206,0.1251897515284489,0.13291816508340365,0.14368809049157344,0.15746065825108957,0.1741355254701546
0.15,209.63282628883107,1.5719970054834322,-4.582082637103875e-06,0.1517224702437883,0.15688283544939172,0.16546124138553406,0.17742835143599414,-0.4036817999931953,0.15140249495324512,0.1556993961307519,0.1630704299350095,0.17366038364531514,0.15314434947707867,0.1592342423793487,0.16821044437989424,0.179880312464817,0.19404906871686933,-8.304961839051364e-06,0.15316397824432526,0.15939558946091797,0.1688230576472156,0.18149793126987565,0.15519013041775567,0.16292352479314517,0.17371963706701468,0.18758188424395147,0.20449771573079709,0.15518980856103126,0.16291888203479754,0.17369159490279817,0.18747065563448706,0.20415259526533014
0.2,259.826112529724,1.8647322543291338,-5.632527628338203e-06,0.20170251285750523,0.20680516292120094,0.21529393639983985,0.22714745295904243,-0.40637763859777953,0.20137300515582374,0.20559586095251553,0.21287109442263885,0.22335482503204895,0.20314110336493346,0.20920231819873283,0.21805781122621304,0.2293766193848783,0.24284868075627436,-9.60164624722882e-06,0.20316200609991944,0.20938122548012114,0.21877685555559628,0.2313972156501061,0.2051901432796972,0.21292368778154933,0.22372044826955098,0.23758433122851663,0.25450288901624607,0.20518980887953203,0.2129187598184693,0.22368975081952164,0.23745729553336237,0.2540853093604845
0.3,420.7235083795556,2.4651049128948266,-6.672096000574086e-06,0.3016761144345221,0.3067012038684444,0.3150657955543466,0.3267550135679938,-0.3832269676569794,0.30094748426243645,0.3045315868722922,0.3113578310796816,0.3215371719804877,0.303073280160037,0.3081950682507265,0.3133191790852727,0.32174066170703414,0.3345635443561394,-1.054432200222183e-05,0.30315999713447617,0.30936614064975065,0.31872639340603626,0.3312822913075495,0.30519013340569656,0.3129235297944102,0.3237193803715841,0.3375796337820387,0.3544870762478409,0.3051893733114688,0.3129112918018777,0.32363044899597493,0.337095079877362,0.3518935980914567
0.4,725.4502827666995,3.1477054052116573,-6.597974716073132e-06,0.4016477198822172,0.4065881098602783,0.4148131328324211,0.426310273259864,-0.3419735537114976,0.3881104779806336,0.4021548591815567,0.4083588463650878,0.4182485692247334,0.34461226047700155,0.4031774240939038,0.4094868174688834,0.41909487075330065,0.4320518380812223,-1.0034249720730564e-05,0.40315851881927867,0.4093546443418956,0.4186860748893403,0.43118522980273755,0.40519007599692153,0.4129226856577003,0.4237141741236907,0.4375586034153921,0.4544210653311771,0.3701943152369679,0.40519201978678937,0.41294505867374737,0.42381778032720435,0.4378676442897199
0.5,1352.5468495338473,3.9896884003272395,-5.760861611486123e-06,0.5015633909293762,0.5062563139761955,0.5140869636639225,0.5250686746066933,-0.2919704662287418,0.4261181705315509,0.5018727717088676,0.5074718475751929,0.5167471060337571,0.335150109243482,0.5031661303414581,0.5094118544395685,0.5188783273769775,0.5316271404709929,-8.655823684524009e-06,0.5031556676057072,0.5093317985713197,0.5186027736659811,0.5309759238071567,0.505189847451954,0.5129192331965469,0.5236919015181316,0.5374620736634885,0.5540845870165012,0.34128034385078765,0.5051907280503309,0.5129314764258153,0.5237623372884335,0.5377267584206207
0.6,2822.3540532346633,5.112492299730511,-4.468641628631284e-06,0.5927019300743419,0.6023002744410327,0.6087193729325915,0.6187722339734931,-0.23714375039481034,0.41033104833674805,0.6018141669352478,0.607250802142452,0.6162930577205165,0.2994811024600872,0.6031618606022996,0.6093801211172908,0.6187729392789,0.6313869598758168,-6.803678701960191e-06,0.6031393634944626,0.6091920357467973,0.6180530278334149,0.6295239695306125,0.6030518881054072,0.6052244846792905,0.613026429191526,0.623998357890805,0.6381907493338803,0.29185085628791485,0.6051905291517674,0.6129289208369091,0.6237492486738543,0.6376848189200452
0.7,7045.445172717351,6.763769537197458,-2.99313247641512e-06,0.5667241903991913,0.7018520184753804,0.7073987366545555,0.7166139762341095,-0.17949262658566525,0.34997520829784,0.7017840995721606,0.7071310622104457,0.7160249766458667,0.24459969539036103,0.7031461354658903,0.7092518422845226,0.7182957811504876,0.7301747665981692,-4.77438119273714e-06,0.6401892759974824,0.7032066526004696,0.7096801099457452,0.7196671992932638,0.5176332568684952,0.7051908996686775,0.7129336637120773,0.7237733438586529,0.7377609234983746,0.22940450903355641,0.7051900602125223,0.7129223883391926,0.7237119193714507,0.737548170191106
0.8,24416.027626598338,9.595549030843706,-1.5841513574978697e-06,0.44137203188585367,0.8017471358220581,0.8069764653918945,0.8156528154503144,-0.12019440939203982,0.2556523829405859,0.7736863432901938,0.802136394053894,0.8084463685969913,0.17482419691741496,0.684981253570276,0.803201399287772,0.809652934931596,0.8196127578974526,-2.813906662128954e-06,0.4970184988515237,0.8031832876800395,0.8095336154403274,0.8192628370193649,0.37992971646677776,0.8051885508743439,0.812900122985019,0.8235728183493365,0.8369754280679604,0.1581651001532674,0.7419639237084755,0.8051969154779598,0.8130012764194573,0.8240675154997011
0.9,187884.1981610708,16.303276638423895,-4.884002695043733e-07,0.24837902062923134,0.6079624421489442,0.901875592927269,0.9074713097214837,-0.06006696892149834,0.13646420066002182,0.4706364442711699,0.8704604734844155,0.9022943778439512,0.09294587169710025,0.40507080635993187,0.7968106592601583,0.9032660153535979,0.9100471333932683,-1.1504978252408147e-06,0.2734312218770412,0.6616973866616098,0.9032364624134706,0.9098727776615188,0.20563341168471022,0.5748298450905671,0.9051839658116703,0.9128314872237695,0.9231486387280359,0.08094167624983106,0.42759855579834216,0.8506919127804826,0.9052155659563708,0.9131820315932855
