omega,L,dr,Lminus_l0_eig0,Lminus_l0_eig1,Lminus_l0_eig2,Lplus_l0_eig0,Lplus_l0_eig1,Lplus_l0_eig2,Lminus_l1_eig0,Lminus_l1_eig1,Lminus_l1_eig2,Lplus_l1_eig0,Lplus_l1_eig1,Lplus_l1_eig2,Lminus_l2_eig0,Lminus_l2_eig1,Lminus_l2_eig2,Lplus_l2_eig0,Lplus_l2_eig1,Lplus_l2_eig2
0.03,60.0,0.05,-2.6795340611326442e-06,0.033682356963933464,0.04439802411216753,-0.24057256383492148,0.0319818212291063,0.039383795518539697,0.0355257210167656,0.045972652655036875,0.06113857408195604,-6.799715133788948e-06,0.03578789312539351,0.047582413278272534,0.0392207784681621,0.052913191220186465,0.07191875354240854,0.039204633522863463,0.05272962626256435,0.0710610109527399
0.03,80.0,0.05,-2.679872829306444e-06,0.03192231365449256,0.03761325851317033,-0.2405725638348722,0.031164110215107864,0.03520257794514532,0.033134423017851466,0.03916504486849501,0.04801983280758579,-6.7998916534434616e-06,0.033202165531166006,0.039628320233072015,0.0351892784685697,0.04291381322839206,0.053675840114281816,0.03518691640085052,0.04288454236977855,0.053527236951763216
0.03,80.0,0.025,-6.698974218506047e-07,0.03192233217584109,0.03761333226405709,-0.24056089984627166,0.031164347373063665,0.035203125826167025,0.033134424075606614,0.0391650555573448,0.04801987814988229,-1.6998372500549682e-06,0.03320217728069959,0.03962839100196652,0.0351892799952231,0.04291382711361549,0.053675895289955006,0.03518691792316293,0.04288455609609293,0.053527290614861306
0.03,120.0,0.025,-6.698983588355905e-07,0.030792819605101586,0.03316204482842426,-0.240560899846343,0.030553314066530425,0.03233495627882077,0.03139938802212837,0.03412186098744417,0.038172215761950706,-1.6998377234120063e-06,0.03140895151845714,0.03419418377934097,0.0323067071924936,0.035743594540287645,0.04054127167427501,0.03230655869848294,0.03574160215708465,0.04053032884231106
0.03,80.0,0.0125,-1.6744153293832962e-07,0.03192233680687037,0.03761335070399992,-0.24055798408440981,0.031164406631380037,0.03520326274702999,0.033134424338911006,0.039165058229086586,0.04801988948431361,-4.249146637902412e-07,0.033202180217395544,0.03962840869417453,0.03518928037979379,0.042913830588650025,0.05367590908477665,0.03518691830452714,0.042884559531226316,0.05352730402701353
0.1,60.0,0.05,-1.2563928960910439e-05,0.10326453866163976,0.11300210925935669,-0.38013879165095155,0.10239869647323913,0.10999305034183268,0.10556720534346685,0.11623090077051751,0.13171462581299764,-2.492384303768025e-05,0.10566208796423915,0.1169503071000288,0.10922602869038768,0.1229642058257933,0.1421129606064495,0.10922298197448779,0.12292226554571617,0.1418716761950283
0.1,80.0,0.05,-1.2563928775719099e-05,0.10175623823379698,0.10701253527533433,-0.3801387916509569,0.10138591659554927,0.10566262106291427,0.1031449701572008,0.10924159431022686,0.11825180754218033,-2.492384326059718e-05,0.10316811369192133,0.10942459717924152,0.10519008216636769,0.11292291201682204,0.1237165190505135,0.10518966687193648,0.11291707802171919,0.12368248238215898
0.1,80.0,0.025,-3.1406871655069274e-06,0.1017562556913083,0.1070126095471291,-0.3801141733319473,0.10138613897596177,0.10566333461988667,0.10314497135665937,0.1092416063861255,0.11825185918824978,-6.230505175880062e-06,0.10316811880805032,0.10942463691466353,0.10519008369593731,0.11292292596518382,0.12371657468161328,0.10518966840443525,0.11291709199053293,0.1236825379208139
0.1,120.0,0.025,-3.1406868153065365e-06,0.1007469149772807,0.10298615305272008,-0.38011417333217035,0.10063594226116543,0.10256334053131519,0.10140083959733215,0.10413342257410751,0.108213537037879,-6.230504569044942e-06,0.10140395262578325,0.1041589066625628,0.10230675939516976,0.10574426769129948,0.11054476353321112,0.1023067346952557,0.10574391413518845,0.11054266296583908
0.1,80.0,0.0125,-7.851415742507203e-07,0.10175626005540586,0.1070126281129837,-0.3801080192499908,0.1013861945222207,0.1056635128766322,0.10314497165496105,0.10924160940337589,0.11825187209888667,-1.55758649272557e-06,0.10316812008593138,0.10942464684844072,0.1051900840758155,0.11292292946050178,0.1237165885893763,0.10518966878262315,0.11291709548244316,0.12368255180736987
